,place,category,location
0,백세삼계탕 고양점,백숙|삼계탕,경기도 고양시 덕양구
1,아지와이,카페|디저트,경기도 안성시 원곡면
2,비마이게스트,브런치,제주특별자치도 제주시 한림읍
3,자매국수,국수,제주특별자치도 제주시 삼도이동
4,조은전골칼국수,칼국수|만두,인천광역시 중구 중산동
5,보스대게,대게요리,강원도 삼척시 갈천동
6,토모루스시,초밥|롤,대구광역시 중구 삼덕동1가
7,판장횟집,생선회,충청북도 보은군 회남면
8,아미꼬뜨,카페|디저트,경상북도 청도군 매전면
9,속초751샌드위치,카페|디저트,강원도 속초시 교동
10,한라참치,생선회,서울특별시 구로구 고척동
11,금샘다방,카페|디저트,부산광역시 금정구 남산동
12,비엣,카페|디저트,경상북도 경주시 사정동
13,알베로,카페|디저트,경상남도 김해시 대동면
14,화려한 경양식,양식,경기도 파주시 다율동
15,부산집,오뎅|꼬치,서울특별시 마포구 동교동
16,원조본가손맛집,한식,경기도 부천시 중동
17,긴자회수산,생선회,전라남도 목포시 상동
18,윤성용레스토랑,이탈리아음식,서울특별시 마포구 연남동
19,파크더블유,카페|디저트,서울특별시 중랑구 망우동
20,서서주방,요리주점,부산광역시 동래구 안락동
21,은하수,카페|디저트,강원도 강릉시 성남동
22,몬테쿠치나,이탈리아음식,경기도 여주시 북내면
23,피그말리온 마석점,돈가스,경기도 남양주시 화도읍
24,엘리스 오븐,카페|디저트,경기도 파주시 광탄면
25,밀사랑칼국수,칼국수|만두,서울특별시 종로구 인의동
26,신털뫼,백숙|삼계탕,경기도 양주시 장흥면
27,콩만한커피알만한케익,케이크전문,경기도 군포시 산본동
28,해물왕창칼국수,칼국수|만두,부산광역시 사상구 덕포동
29,여주돈까스여행,양식,경기도 여주시 연양동
30,황소양곱창,곱창|막창|양,경기도 구리시 교문동
31,제주시새우리,도시락|컵밥,제주특별자치도 제주시 삼도이동
32,문어부인삼교비,문어부인삼교비,서울특별시 구로구 신도림동
33,카페더웰,카페|디저트,경기도 성남시 분당구
34,어 로프 슬라이스 피스,카페|디저트,경기도 용인시 처인구
35,종로제면소,국수,충청남도 천안시 서북구
36,양스,양갈비,경기도 파주시 와동동
37,스시도감,초밥|롤,광주광역시 서구 치평동
38,명인고기,소고기구이,서울특별시 구로구 구로동
39,고읍동 쭈꾸미아저씨,주꾸미요리,경기도 양주시 광사동
40,착한스시,일식당,제주특별자치도 제주시 한림읍
41,어반레시피,이탈리아음식,광주광역시 동구 운림동
42,숯불에닭 김포사우점,닭요리,경기도 김포시 사우동
43,제이스맨션,카페,충청남도 천안시 서북구
44,그렇게함박이된다,양식,경기도 수원시 팔달구
45,루가밀팩토리,카페|디저트,충청남도 천안시 동남구
46,권기영스시,초밥|롤,서울특별시 중랑구 묵동
47,카페플러그,카페|디저트,충청남도 천안시 서북구
48,해로,일식당,부산광역시 영도구 영선동4가
49,빈야드 케이크,카페|디저트,경상북도 포항시 남구
50,육회한통닭 야탑점,치킨|닭강정,경기도 성남시 분당구
51,미호,초밥|롤,서울특별시 송파구 방이동
52,세븐스플로어,이탈리아음식,인천광역시 부평구 부평동
53,꼬뎅마루야탑점,오뎅|꼬치,경기도 성남시 분당구
54,청정계곡,정육식당,충청남도 천안시 서북구
55,1984서울포차,요리주점,서울특별시 구로구 개봉동
56,경방루,중식당,전라북도 남원시 금동
57,뉴욕엔와이,스테이크|립,경기도 고양시 일산동구
58,바오하우스,중식당,부산광역시 부산진구 전포동
59,페이지37,카페|디저트,인천광역시 서구 청라동
60,호유동 범계점,덮밥,경기도 안양시 동안구
61,티하철,차,서울특별시 송파구 방이동
62,함선생 카이센동,일식당,서울특별시 용산구 이태원동
63,리틀넥 청담,이탈리아음식,서울특별시 강남구 신사동
64,라이언하트,바(BAR),서울특별시 송파구 송파동
65,호재돈까스,돈가스,서울특별시 노원구 월계동
66,봄띠,스파게티|파스타전문,서울특별시 마포구 연남동
67,대쿠이 본점,돈가스,대구광역시 남구 대명동
68,미술집,요리주점,제주특별자치도 제주시 노형동
69,설참치 일산백석점,생선회,경기도 고양시 일산동구
70,도화서가,카페|디저트,서울특별시 송파구 송파동
71,을왕리 해송 조개구이,조개요리,인천광역시 중구 남북동
72,라멘집입니다 울산성안점,일본식라면,울산광역시 중구 성안동
73,군자대한곱창 명동점,곱창|막창|양,서울특별시 중구 명동1가
74,그린고메,다이어트|샐러드,서울특별시 강남구 역삼동
75,오엘이프,양식,강원도 강릉시 구정면
76,오오시,일식당,부산광역시 사상구 엄궁동
77,팩피,스파게티|파스타전문,서울특별시 성동구 성수동1가
78,링링,카페|디저트,서울특별시 중구 신당동
79,TBD,바(BAR),서울특별시 성동구 성수동1가
80,김해김가네뒷고기,한식,부산광역시 해운대구 우동
81,수아마노,이탈리아음식,강원도 춘천시 죽림동
82,이내,카페|디저트,충청남도 아산시 배방읍
83,명성족발,족발|보쌈,서울특별시 마포구 망원동
84,공간811,브런치,경기도 파주시 문산읍
85,바우하우스142,카페,전라남도 해남군 해남읍
86,카페소울,카페,서울특별시 성동구 성수동2가
87,샛뿔교동짬뽕,중식당,경기도 안산시 단원구
88,롱런,요리주점,대구광역시 중구 공평동
89,인오프,카페,부산광역시 사하구 하단동
90,문득낙성,카페|디저트,서울특별시 관악구 봉천동
91,카페 디아즈,카페,경기도 수원시 팔달구
92,뚝떡,종합분식,서울특별시 성동구 성수동1가
93,미안커피,카페|디저트,전라북도 남원시 어현동
94,타이백스트릿,태국음식,부산광역시 금정구 구서동
95,메종 드 포레,카페,경기도 광주시 남한산성면
96,다곰디저트,카페|디저트,서울특별시 동대문구 제기동
97,랑데자뷰 현대백화점유플렉스중동점,카페|디저트,경기도 부천시 중동
98,아사라 식당,일본식라면,대구광역시 동구 율하동
99,달세뇨아빠의레스토랑,스파게티|파스타전문,제주특별자치도 제주시 조천읍
100,찌개랑밥먹자 상계동점,찌개|전골,서울특별시 노원구 상계동
101,페리도트,이탈리아음식,서울특별시 마포구 망원동
102,두껍삼 파주점,돼지고기구이,경기도 파주시 금촌동
103,디스페이스,카페|디저트,경기도 광주시 경안동
104,믿음직화 엔터식스안양역점,일식당,경기도 안양시 만안구
105,온전히,일식당,서울특별시 강동구 둔촌동
106,목향원,한식,경기도 남양주시 별내동
107,Snug,스파게티|파스타전문,경기도 남양주시 다산동
108,광명대창집 안산선부동점,곱창|막창|양,경기도 안산시 단원구
109,월미도맛집 달쭈꾸미,주꾸미요리,인천광역시 중구 북성동1가
110,미스터문초밥,초밥|롤,경기도 의정부시 호원동
111,스텝오버,카페|디저트,울산광역시 남구 옥동
112,영양왕족발,족발|보쌈,서울특별시 서대문구 남가좌동
113,세종관,한식,세종특별자치시  나성동
114,숙성도 노형본점,돼지고기구이,제주특별자치도 제주시 노형동
115,아날로그키친 삼청동점,이탈리아음식,서울특별시 종로구 삼청동
116,포크너 그랑시티자이점,이탈리아음식,경기도 안산시 상록구
117,스시전,초밥|롤,경기도 안산시 단원구
118,최고당돈가스 세종시점,돈가스,세종특별자치시 나성동 716
119,이고집만두,찌개|전골,충청남도 천안시 동남구
120,섬섬옥수,돈가스,울산광역시 남구 삼산동
121,엄돈까스,돈가스,서울특별시 강북구 미아동
122,모이핀,카페|디저트,전라남도 여수시 돌산읍
123,창심관,돼지고기구이,경기도 화성시 반송동
124,잇다프로젝트,양식,서울특별시 마포구 연남동
125,대낚식당,곱창|막창|양,서울특별시 강남구 역삼동
126,카페도로시,카페|디저트,인천광역시 중구 인현동
127,바다사랑그리고추억,돼지고기구이,제주특별자치도 제주시 애월읍
128,몰리에르,카페|디저트,대전광역시 유성구 도룡동
129,인바이트커피,카페,경기도 하남시 망월동
130,하루,돈가스,경기도 남양주시 다산동
131,목롯집,요리주점,경기도 의정부시 민락동
132,스시긴,초밥|롤,경기도 성남시 분당구
133,오늘 그리고,양식,충청북도 청주시 상당구
134,카츠오모이 홍대점,돈가스,서울특별시 마포구 서교동
135,옥자회관,돈가스,서울특별시 마포구 상암동
136,하하코식당,일식당,서울특별시 영등포구 여의도동
137,제주흑돈세상수라간,돼지고기구이,제주특별자치도 서귀포시 서홍동
138,란주라미엔,중식당,서울특별시 중구 충무로1가
139,스시&amp;,일식당,서울특별시 강동구 천호동
140,스윗픽,카페|디저트,서울특별시 중구 필동2가
141,미도정,카페|디저트,경기도 동두천시 송내동
142,토우지,이자카야,서울특별시 송파구 잠실동
143,묵리459,브런치,경기도 용인시 처인구
144,한상바다,한식,대구광역시 동구 봉무동
145,식감이야기 석남직영점,이자카야,인천광역시 서구 석남동
146,여의도황소곱창 수원망포역점,곱창|막창|양,경기도 수원시 영통구
147,카페수월,카페|디저트,광주광역시 남구 임암동
148,독립밀방,브런치,서울특별시 종로구 행촌동
149,꼬랑지마카롱,베이커리,서울특별시 서초구 반포동
150,셀레브르,카페,인천광역시 연수구 송도동
151,백옥양꼬치,양꼬치,경기도 부천시 심곡본동
152,청춘대게,한식,전라남도 여수시 학동
153,오늘도초밥,초밥|롤,경기도 시흥시 은행동
154,호작도,베이커리,경기도 수원시 팔달구
155,최고당돈가스 용문점,돈가스,서울특별시 용산구 원효로2가
156,두나래춘천닭갈비,닭갈비,대구광역시 북구 동천동
157,달인참치,일식당,경기도 의정부시 금오동
158,비스트로주라,양식,서울특별시 마포구 서교동
159,종로곱창,곱창|막창|양,서울특별시 동작구 사당동
160,구씨네부엌,양식,서울특별시 서대문구 창천동
161,달콤한서랍,카페|디저트,경기도 부천시 중동
162,피에프창 코엑스몰점,아시아음식,서울특별시 강남구 삼성동
163,하원가흑돼지,돼지고기구이,제주특별자치도 서귀포시 하원동
164,암튼,카페,서울특별시 마포구 망원동
165,각시보쌈,족발|보쌈,서울특별시 마포구 합정동
166,해아름,한식,경상북도 포항시 북구
167,뜰채,한방카페,경기도 남양주시 별내면
168,동그라미해물집,생선구이,강원도 동해시 효가동
169,Perception,카페|디저트,서울특별시 마포구 합정동
170,김영화스시,초밥|롤,경기도 화성시 향남읍
171,오소록키친,양식,제주특별자치도 제주시 이도이동
172,인딕슬로우,인도음식,서울특별시 송파구 송파동
173,다니쉬,베이커리,제주특별자치도 제주시 조천읍
174,열두달,카페|디저트,제주특별자치도 제주시 한경면
175,포레스트96,카페|디저트,전라남도 화순군 화순읍
176,누리마실,오리요리,경상남도 양산시 북정동
177,여수낭만식당 마곡나루점,한식,서울특별시 강서구 마곡동
178,미강식당,돼지고기구이,서울특별시 송파구 잠실동
179,무너미,카페|디저트,서울특별시 강북구 수유동
180,베이식,요리주점,대구광역시 중구 삼덕동1가
181,대학로족발보쌈,족발|보쌈,서울특별시 종로구 혜화동
182,키친인디아,인도음식,경상남도 양산시 물금읍
183,72420 성신여대점,72420,서울특별시 성북구 동선동1가
184,두총각닭갈비 삼계점,닭갈비,경상남도 김해시 삼계동
185,와우와우토종왕족발보쌈,족발|보쌈,울산광역시 북구 호계동
186,죽향갈비안창집 목동점,소고기구이,서울특별시 양천구 신정동
187,제주홍돈 본점,돼지고기구이,제주특별자치도 제주시 한림읍
188,한강사철탕,사철|영양탕,서울특별시 용산구 한강로3가
189,강초밥,초밥|롤,서울특별시 동작구 신대방동
190,우리의정원,카페|디저트,경상남도 진주시 동성동
191,리리마카오굴국수,아시아음식,서울특별시 마포구 연남동
192,동해돌장어구이,장어|먹장어요리,경상남도 김해시 관동동
193,원정집,닭볶음탕,부산광역시 중구 남포동2가
194,카페주택,카페|디저트,인천광역시 강화군 강화읍
195,왕십리곱창오가네,곱창|막창|양,경기도 수원시 장안구
196,묘한식탁,양식,서울특별시 마포구 합정동
197,하도핑크,양식,제주특별자치도 제주시 구좌읍
198,버거&amp;파스타,햄버거,부산광역시 해운대구 중동
199,어데고,조개요리,경기도 의정부시 의정부동
200,산방산초가집,향토음식,제주특별자치도 서귀포시 안덕면
201,효자황태구이,해물|생선요리,강원도 춘천시 효자동
202,제레미,카페|디저트,제주특별자치도 제주시 애월읍
203,진해식탁,양식,경상남도 창원시 진해구
204,앳커피,카페|디저트,서울특별시 마포구 서교동
205,양보제과,카페|디저트,경상남도 하동군 양보면
206,카페 시바,퓨전음식,서울특별시 용산구 남영동
207,애월의밤,이자카야,서울특별시 영등포구 당산동3가
208,브루나,카페|디저트,대구광역시 중구 삼덕동3가
209,뚜레한우,소고기구이,강원도 홍천군 두촌면
210,마담에뽀끄,양식,부산광역시 수영구 민락동
211,더램키친,일식당,경상남도 창원시 의창구
212,별빵 쌍촌점,베이커리,광주광역시 서구 쌍촌동
213,좋은아침페스츄리,베이커리,경기도 안산시 상록구
214,모터시티 강남점,피자,서울특별시 강남구 역삼동
215,중문색달통갈치,해물|생선요리,제주특별자치도 서귀포시 색달동
216,크림잇,카페|디저트,대전광역시 서구 월평동
217,인더비엣,베트남음식,인천광역시 부평구 삼산동
218,외도사랑국수,국수,제주특별자치도 제주시 외도1동
219,하르방밀면 노형점,국수,제주특별자치도 제주시 노형동
220,르몽블랑,카페|디저트,서울특별시 용산구 용산동2가
221,카라멜,양식,대전광역시 중구 선화동
222,알단테,이탈리아음식,경기도 수원시 영통구
223,멜팅아워,카페|디저트,충청북도 청주시 서원구
224,에그베이,토스트,경기도 화성시 산척동
225,하루방순대앤막창,한식,제주특별자치도 서귀포시 남원읍
226,삽다리곱창,곱창|막창|양,충청남도 예산군 삽교읍
227,쿠쿤,양식,제주특별자치도 제주시 구좌읍
228,니찌야,초밥|롤,대구광역시 중구 공평동
229,돼순이네왕족발영등포구청역점직영3호점,족발|보쌈,서울특별시 영등포구 당산동3가
230,함병현김치말이국수,국수,경기도 포천시 내촌면
231,창원회센타,생선회,경상남도 창원시 성산구
232,달그락식탁,돈가스,제주특별자치도 제주시 조천읍
233,준코테이블,스파게티|파스타전문,대전광역시 유성구 궁동
234,멜팅,카페|디저트,경기도 동두천시 탑동동
235,오지힐제주,카페|디저트,제주특별자치도 제주시 한경면
236,미들31,스파게티|파스타전문,대구광역시 북구 산격동
237,명동닭갈비,닭갈비,강원도 삼척시 당저동
238,야미커피앤과자,카페|디저트,인천광역시 미추홀구 도화동
239,프릳츠 도화점,카페|디저트,서울특별시 마포구 도화동
240,푸주옥,곰탕|설렁탕,서울특별시 서초구 서초동
241,매기의추억,카페|디저트,제주특별자치도 제주시 한림읍
242,셰프테이너,이탈리아음식,서울특별시 용산구 한남동
243,홍용가,중식당,강원도 속초시 노학동
244,세이지핀치,브런치,서울특별시 종로구 필운동
245,카페 올레오,카페|디저트,서울특별시 송파구 송파동
246,샐러드랍,다이어트|샐러드,경기도 구리시 교문동
247,타베르나,프랑스음식,경상북도 경주시 황남동
248,219피자애비뉴,피자,부산광역시 북구 금곡동
249,뜨돈 동성로점,돈가스,대구광역시 중구 덕산동
250,부산라멘,일본식라면,부산광역시 동래구 수안동
251,칠돈가 작전점,돼지고기구이,인천광역시 계양구 작전동
252,호시마츠생라멘,일본식라면,전라북도 전주시 완산구
253,카페이층,카페,대전광역시 유성구 덕명동
254,명동칼국수,해물|생선요리,경기도 용인시 처인구
255,우미게장,게요리,경기도 시흥시 계수동
256,신라식물원,식물원|수목원,경상북도 예천군 감천면
257,미분당 수유점,베트남음식,서울특별시 강북구 번동
258,제주 판타스틱버거,햄버거,제주특별자치도 서귀포시 표선면
259,수암55,베이커리,경상남도 의령군 의령읍
260,빈103,카페,경기도 구리시 토평동
261,도래샘,닭요리,경기도 의왕시 오전동
262,대운산채,쌈밥,대전광역시 중구 문화동
263,꼬마곱창,야식,서울특별시 동대문구 장안동
264,산호반점,중식당,제주특별자치도 제주시 우도면
265,허디거디 이도점,이탈리아음식,제주특별자치도 제주시 아라이동
266,SIXBOX,카페|디저트,광주광역시 동구 장동
267,디퍼카페테리아,카페|디저트,서울특별시 종로구 체부동
268,로송커피,카페|디저트,경기도 용인시 처인구
269,펄랑,카페|디저트,제주특별자치도 제주시 한림읍
270,카페무위,카페|디저트,강원도 동해시 묵호진동
271,투파인드피터 고잔점,이탈리아음식,경기도 안산시 단원구
272,바스버거 연남점,햄버거,서울특별시 마포구 동교동
273,밀밀,카페|디저트,광주광역시 북구 용봉동
274,오티오르,카페,경기도 부천시 심곡동
275,빌라빌라콜라,베이커리,경기도 시흥시 은행동
276,살롱드곱떡,떡볶이,서울특별시 강남구 역삼동
277,시오,일식당,서울특별시 서대문구 연희동
278,조선pub에디,요리주점,서울특별시 관악구 봉천동
279,칼국수앤연어,한식,경기도 의정부시 호원동
280,쌍룡포차,요리주점,서울특별시 강서구 마곡동
281,다낭,베트남음식,충청북도 청주시 흥덕구
282,와룽빠뜨릭,카페|디저트,강원도 양양군 현남면
283,한라산도새기,돼지고기구이,경기도 시흥시 정왕동
284,감성타코합정점,멕시코|남미음식,서울특별시 마포구 합정동
285,기글,카페|디저트,서울특별시 영등포구 문래동3가
286,냅다청양집 청라점,돼지고기구이,인천광역시 서구 청라동
287,랍다즐겁다,카페|디저트,제주특별자치도 서귀포시 호근동
288,마라박사,중식당,서울특별시 용산구 남영동
289,탐나종합어시장 금천구청역점,생선회,서울특별시 금천구 시흥동
290,카페 노티드 한남,베이커리,서울특별시 용산구 한남동
291,와인웍스 현대백화점 압구정본점,와인,서울특별시 강남구 압구정동
292,카페록록,카페|디저트,제주특별자치도 제주시 구좌읍
293,배말칼국수김밥 통영서호점,국수,경상남도 통영시 서호동
294,오마모리,카페|디저트,대구광역시 남구 대명동
295,카페오드리,카페|디저트,제주특별자치도 제주시 한림읍
296,라구,양식,서울특별시 용산구 용산동2가
297,맵당 매운갈비찜 배곧점,한식,경기도 시흥시 정왕동
298,뱅커스커피,카페,경상남도 진주시 망경동
299,카페슈샤,카페,경기도 광주시 오포읍
300,델라이방배,카페|디저트,서울특별시 서초구 방배동
301,마루,한식,서울특별시 동작구 노량진동
302,단내음폴폴,카페|디저트,대전광역시 중구 대흥동
303,메이드웰,카페,경기도 수원시 팔달구
304,콜드프레임,카페|디저트,경기도 수원시 영통구
305,개인취향,카페,서울특별시 중랑구 면목동
306,폴콘,베이커리,경기도 파주시 월롱면
307,에듀코치 인창점,입시학원,경기도 구리시 인창동
308,피프티투헤르츠,카페|디저트,부산광역시 부산진구 양정동
309,스페이스작,카페|디저트,경기도 부천시 작동
310,와이드 커피 스탠드,카페|디저트,전라남도 여수시 중앙동
311,몰디브,피자,서울특별시 마포구 연남동
312,르플랑,베이커리,대구광역시 중구 대봉동
313,코지리틀,브런치,서울특별시 서초구 양재동
314,사녹,양식,서울특별시 강남구 신사동
315,꽃피는화덕피자D485본점,피자,경기도 안산시 상록구
316,촉도대하,중식당,경기도 수원시 팔달구
317,2y s,테마카페,부산광역시 해운대구 우동
318,미담램양꼬치 동백점,양꼬치,경기도 용인시 기흥구
319,소울브릿지,카페|디저트,강원도 고성군 토성면
320,스테이크고릴라,스테이크|립,경기도 포천시 자작동
321,CAFE EPL,베이커리,제주특별자치도 서귀포시 남원읍
322,솔밭해장국,감자탕,경기도 성남시 분당구
323,바삭알까스,돈가스,서울특별시 광진구 중곡동
324,쭈꾸미여왕,주꾸미요리,경기도 수원시 권선구
325,차덕분,차,인천광역시 중구 중산동
326,종갓집양곱창,곱창|막창|양,부산광역시 연제구 거제동
327,갓포데루,일식당,경기도 수원시 영통구
328,바다정원,카페|디저트,강원도 고성군 토성면
329,앨리스라운드 월정리점,베이커리,제주특별자치도 제주시 구좌읍
330,감각,카페,서울특별시 노원구 상계동
331,오버스토리,카페,서울특별시 성북구 성북동
332,버거307 구래점,햄버거,경기도 김포시 구래동
333,엘더버거,햄버거,서울특별시 성동구 성수동1가
334,오팔,한식,서울특별시 성동구 성수동2가
335,때론347,카페|디저트,강원도 삼척시 당저동
336,수애기베이커리,베이커리,제주특별자치도 서귀포시 대정읍
337,르브리에,브런치,서울특별시 종로구 팔판동
338,피셔맨스키친 파주운정점,이탈리아음식,경기도 파주시 목동동
339,DOTZ,아시아음식,서울특별시 용산구 한남동
340,Komune,카페,서울특별시 용산구 한남동
341,미분당 부천시청점,베트남음식,경기도 부천시 중동
342,성별에이유,브런치,경기도 고양시 일산동구
343,부일막국수,막국수,강원도 삼척시 갈천동
344,카페 페트로스,카페,인천광역시 서구 청라동
345,다감적,차,광주광역시 북구 우산동
346,온센 청주점,일식당,충청북도 청주시 흥덕구
347,마이버킷,카페|디저트,대구광역시 달서구 상인동
348,아덴,카페|디저트,경상북도 경주시 신평동
349,스시쿠루마,초밥|롤,대전광역시 중구 대흥동
350,돈까츠야,돈가스,인천광역시 부평구 산곡4동
351,아우라키친,덮밥,제주특별자치도 제주시 아라2동
352,폴인팬케이크 홍대점,카페,서울특별시 마포구 서교동
353,풍호맛뜨락,생선회,강원도 강릉시 노암동
354,트리플선카페,카페|디저트,충청북도 단양군 단양읍
355,로그,카페|디저트,경기도 양주시 은현면
356,도돌이표,베이커리,서울특별시 은평구 진관동
357,해미읍성왕꽈배기 줌마리카페,카페|디저트,충청남도 서산시 해미면
358,서면 고메,카페|디저트,부산광역시 부산진구 전포동
359,허머스키친,아시아음식,서울특별시 강남구 삼성동
360,137카페,카페,경기도 파주시 서패동
361,송영희돈까스부경대점,돈가스,부산광역시 남구 대연동
362,베이크샵버터컵,카페|디저트,경기도 고양시 일산서구
363,강릉유환식당,게요리,강원도 강릉시 초당동
364,이석덕생면파스타,이탈리아음식,서울특별시 마포구 연남동
365,카페 아래치,카페|디저트,부산광역시 사하구 당리동
366,HAMACOOK,카페|디저트,서울특별시 노원구 상계동
367,그래비테이트,카페,경기도 수원시 팔달구
368,스시박사,초밥|롤,서울특별시 노원구 상계동
369,데이로우,카페|디저트,서울특별시 용산구 한남동
370,카페페이지,카페|디저트,경기도 부천시 원종동
371,콜링우드,카페|디저트,경기도 수원시 팔달구
372,수우동,일식당,제주특별자치도 제주시 한림읍
373,달인참치 야탑점,생선회,경기도 성남시 분당구
374,스스무,와인,서울특별시 용산구 이촌동
375,진1926 문정점,육류|고기요리,서울특별시 송파구 문정동
376,우아한갈비,돼지고기구이,서울특별시 송파구 가락동
377,SMT 차이나룸 몬드리안호텔점,중식당,서울특별시 용산구 이태원동
378,곤지암 웅골,한식,경기도 광주시 도척면
379,신사동왕족발,족발|보쌈,경상남도 창원시 마산합포구
380,플라워카페 일주일,플라워카페,인천광역시 남동구 구월동
381,어라운드 그린,한식,서울특별시 마포구 망원동
382,곳 카페,카페|디저트,대구광역시 동구 지묘동
383,모바면가 청라점,일본식라면,인천광역시 서구 청라동
384,HOUSESTUDIO,양식,강원도 강릉시 죽헌동
385,천서리막국수,막국수,경기도 광주시 목현동
386,키토니,돈가스,부산광역시 부산진구 전포동
387,강릉엄지네꼬막집 1호점,한식,강원도 강릉시 포남동
388,은행골 본점신관,초밥|롤,서울특별시 관악구 신림동
389,EAT,양식,경상남도 창원시 마산회원구
390,소옥,한식,경상북도 경주시 황남동
391,청초수물회,생선회,강원도 속초시 조양동
392,퍼2012,베트남음식,경기도 용인시 기흥구
393,료미,일식당,부산광역시 해운대구 송정동
394,봄날,카페|디저트,강원도 정선군 임계면
395,아하바,카페|디저트,서울특별시 중구 정동
396,넝쿨커피,카페|디저트,충청남도 보령시 신흑동
397,차만다 서울숲점,양식,서울특별시 성동구 성수동1가
398,아뽀밍고,카페|디저트,제주특별자치도 서귀포시 성산읍
399,올더모어,카페|디저트,경상북도 경산시 하양읍
400,상무초밥 상무점,초밥|롤,광주광역시 서구 치평동
401,피자오 효창공원앞역점,피자,서울특별시 용산구 효창동
402,카페노량,카페|디저트,경상남도 하동군 금남면
403,바윗돌기장산곰장어,장어|먹장어요리,부산광역시 해운대구 우동
404,다올,조개요리,인천광역시 중구 덕교동
405,열정도쭈꾸미,주꾸미요리,서울특별시 용산구 원효로1가
406,스시군,초밥|롤,경기도 수원시 영통구
407,별채반 교동쌈밥,한식,경상북도 경주시 황남동
408,김형제고기의철학 창원상남점,육류|고기요리,경상남도 창원시 성산구
409,난드르깡통구이,한식,제주특별자치도 서귀포시 안덕면
410,하츠,맥주|호프,대구광역시 북구 고성동3가
411,알로하테이블 코엑스파르나스몰점,양식,서울특별시 강남구 삼성동
412,원앤온리,카페,제주특별자치도 서귀포시 안덕면
413,어라운드데이,카페|디저트,서울특별시 성동구 성수동1가
414,천돈가 중문 본점,돼지고기구이,제주특별자치도 서귀포시 색달동
415,돌아온천지연식당,생선회,제주특별자치도 서귀포시 정방동
416,수목,카페,충청북도 청주시 흥덕구
417,백목,이자카야,부산광역시 수영구 민락동
418,플래닝샐러드,카페|디저트,서울특별시 성동구 성수동1가
419,도솔미술관,갤러리카페,인천광역시 강화군 길상면
420,명동손칼국수,칼국수|만두,서울특별시 은평구 응암동
421,포레스트,카페|디저트,경상남도 함양군 함양읍
422,랜돌프비어 노원역점,맥주|호프,서울특별시 노원구 상계동
423,정상훈식당,양식,서울특별시 은평구 갈현동
424,시민식당 2호점,돼지고기구이,서울특별시 종로구 인사동
425,소사이어티카페,카페|디저트,경기도 안양시 만안구
426,RadioM,카페|디저트,서울특별시 종로구 소격동
427,소문난해물칼국수,칼국수|만두,전라남도 광양시 중동
428,카페백송,카페|디저트,경상남도 진주시 초전동
429,울프스덴,이탈리아음식,경기도 성남시 분당구
430,진미평양냉면,냉면,서울특별시 강남구 논현동
431,열정타코,멕시코|남미음식,경기도 안산시 단원구
432,젠틀한식탁,이탈리아음식,서울특별시 양천구 목동
433,카페마카,카페|디저트,강원도 평창군 봉평면
434,멕시칼리,멕시코|남미음식,서울특별시 광진구 구의동
435,등대,일식당,강원도 춘천시 석사동
436,희와래커피로스터스,카페|디저트,인천광역시 강화군 불은면
437,크앙분식 동덕여대점,종합분식,서울특별시 성북구 하월곡동
438,유어유어,카페|디저트,서울특별시 중랑구 상봉동
439,한성칼국수,칼국수|만두,경기도 과천시 과천동
440,피셔맨즈,양식,서울특별시 용산구 이태원동
441,라운드원,베이커리,서울특별시 구로구 구로동
442,보물섬,해물|생선요리,전라남도 여수시 종화동
443,인생족발,족발|보쌈,대전광역시 중구 태평동
444,마초면탁,일본식라면,제주특별자치도 제주시 조천읍
445,제주상회 온천천점,돼지고기구이,부산광역시 동래구 안락동
446,미엔아이 천등,아시아음식,서울특별시 강남구 역삼동
447,금별맥주 통영죽림점,맥주|호프,경상남도 통영시 광도면
448,임학순원주추어탕본점,해물|생선요리,경기도 의왕시 포일동
449,스끼동 동성로점,일식당,대구광역시 중구 봉산동
450,맥심플랜트,카페,서울특별시 용산구 한남동
451,인브스키친,스파게티|파스타전문,인천광역시 부평구 부평동
452,무드아쿠아리움,카페|디저트,경기도 안양시 동안구
453,어글리스토브 신논현강남역점,브런치,서울특별시 강남구 역삼동
454,넛지,카페|디저트,대전광역시 유성구 신성동
455,나무사이로,카페,서울특별시 종로구 내자동
456,하루인,이자카야,경기도 성남시 분당구
457,더 스팟 패뷸러스,카페|디저트,서울특별시 중구 명동2가
458,어니스트밀크 본점,카페|디저트,제주특별자치도 서귀포시 성산읍
459,브레드톡 갈산점,베이커리,인천광역시 부평구 갈산동
460,윤밀원,족발|보쌈,경기도 성남시 분당구
461,미엔아이,아시아음식,서울특별시 송파구 송파동
462,시스터필드,베이커리,제주특별자치도 서귀포시 강정동
463,돈카츠,돈가스,서울특별시 서대문구 홍제동
464,바다어사또,생선회,제주특별자치도 제주시 조천읍
465,그린라이크,다이어트|샐러드,울산광역시 남구 달동
466,아그라 아이파크몰점,인도음식,서울특별시 용산구 한강로3가
467,부다스벨리 이태원점,태국음식,서울특별시 용산구 이태원동
468,손커피연구소 오매기점,카페,경기도 의왕시 오전동
469,갈치공장,해물|생선요리,제주특별자치도 제주시 구좌읍
470,육갑식당 논현직영점,육류|고기요리,서울특별시 강남구 논현동
471,호쿠모쿠,양식,경기도 성남시 분당구
472,토크라피,카페,인천광역시 강화군 화도면
473,후야쿠시,이자카야,부산광역시 사상구 주례동
474,키쉬미뇽,카페|디저트,서울특별시 마포구 서교동
475,땡스디저트,카페|디저트,경기도 부천시 심곡동
476,모살물2호점,한식,제주특별자치도 제주시 연동
477,FIND ME,카페|디저트,경상남도 김해시 삼계동
478,제주광해 애월,향토음식,제주특별자치도 제주시 애월읍
479,온홀리데이,브런치,경기도 안산시 단원구
480,제츠커피,카페|디저트,부산광역시 연제구 연산동
481,셰프스위트,스파게티|파스타전문,경기도 수원시 팔달구
482,신사랑318,주꾸미요리,서울특별시 서초구 잠원동
483,어썸,패밀리레스토랑,경기도 하남시 망월동
484,제주고로,퓨전음식,제주특별자치도 서귀포시 대정읍
485,쌍떼,스파게티|파스타전문,전라북도 군산시 영화동
486,마왕소곱창,한식,경기도 수원시 장안구
487,베이커리카페 리코,베이커리,경기도 의왕시 초평동
488,판포리아,돈가스,제주특별자치도 제주시 한경면
489,동경,요리주점,서울특별시 영등포구 여의도동
490,베이스이즈나이스,한식,서울특별시 마포구 도화동
491,샌드위듀,샌드위치,대구광역시 수성구 황금동
492,미미면가,일식당,서울특별시 강남구 신사동
493,더백푸드트럭,햄버거,서울특별시 용산구 후암동
494,보스턴커피,카페|디저트,대구광역시 동구 검사동
495,카페512,카페|디저트,경기도 광주시 남한산성면
496,훼미리부대찌개 김포장기점,찌개|전골,경기도 김포시 장기동
497,매화쌈밥 롯데잠실점,쌈밥,서울특별시 송파구 잠실동
498,꽃돌게장1번가,한식,전라남도 여수시 봉산동
499,인디언키친,인도음식,제주특별자치도 제주시 애월읍
500,농가옛날통닭 구래점,치킨|닭강정,경기도 김포시 구래동
501,연천회관,브런치,경기도 연천군 연천읍
502,노맨틱,카페|디저트,서울특별시 용산구 후암동
503,성산흑돼지 왕성참숯구이,돼지고기구이,제주특별자치도 서귀포시 성산읍
504,게이트나인 무역센터점,게이트나인,서울특별시 강남구 삼성동
505,우연히설렘,카페|디저트,경기도 파주시 송촌동
506,안녕베트남,베트남음식,서울특별시 관악구 봉천동
507,더엑스엑스커피,테이크아웃커피,충청남도 천안시 동남구
508,사마,카레,경상남도 진주시 가좌동
509,미에뜨,이탈리아음식,서울특별시 강남구 도곡동
510,선인장식당,양식,부산광역시 영도구 청학동
511,싱글벙글 막창 전문점,곱창|막창|양,대구광역시 북구 복현동
512,순식당,한식,서울특별시 용산구 동자동
513,월하별장,양식,전라북도 전주시 완산구
514,이응이응이응이응,양식,서울특별시 마포구 상수동
515,초대창 제주일도점,곱창|막창|양,제주특별자치도 제주시 일도이동
516,칼국수집에돈까스,칼국수|만두,충청남도 천안시 서북구
517,자오준,중식당,부산광역시 수영구 남천동
518,엔로제,카페,경기도 양평군 서종면
519,술술술돈까스,돈가스,인천광역시 강화군 강화읍
520,올리앤,이탈리아음식,경상북도 경주시 충효동
521,소미돈까스 수영점,돈가스,부산광역시 수영구 민락동
522,하와이조개,조개요리,서울특별시 관악구 신림동
523,스시영,일식당,대구광역시 북구 산격3동
524,달마당,한식,경기도 하남시 신장동
525,카페 차룽,카페|디저트,전라남도 순천시 해룡면
526,꾸으니,케이크전문,인천광역시 남동구 구월동
527,버거애,햄버거,충청남도 천안시 서북구
528,파도,카페|디저트,서울특별시 마포구 서교동
529,홈치킨 DBB,햄버거,경기도 안산시 단원구
530,서부커피로스터스,카페|디저트,경상남도 김해시 봉황동
531,보리보리,한식,전라북도 전주시 완산구
532,겟201 침산점,패밀리레스토랑,대구광역시 북구 칠성동2가
533,완벽한인생,독일음식,경상남도 남해군 삼동면
534,두꺼비식당 현대시티아울렛동대문점,육류|고기요리,서울특별시 중구 을지로6가
535,풀베개,카페|디저트,제주특별자치도 서귀포시 안덕면
536,바닐라스위트,카페|디저트,서울특별시 마포구 노고산동
537,돈가스175,돈가스,대구광역시 달서구 이곡동
538,어반멜로우,카페|디저트,대전광역시 서구 도마동
539,장기선마카페,카페,경기도 연천군 군남면
540,대성한우곱창,곱창|막창|양,서울특별시 영등포구 당산동3가
541,최고당돈가스 화성남양점,돈가스,경기도 화성시 남양읍
542,만날,카페|디저트,경상남도 통영시 도천동
543,1978,이탈리아음식,경기도 의정부시 의정부동
544,원조신포닭강정,치킨|닭강정,인천광역시 중구 신포동
545,스시엔,일식당,서울특별시 송파구 문정동
546,씨리얼,브런치,제주특별자치도 제주시 한림읍
547,아트리,카페|디저트,경상남도 양산시 물금읍
548,루나틱커피 동교동점,카페,서울특별시 마포구 동교동
549,오스떼리아 랑게,스파게티|파스타전문,서울특별시 강남구 논현동
550,송어회랑 능이삼계탕,생선회,강원도 원주시 소초면
551,피자상회,피자,경기도 의정부시 호원동
552,빠레뜨한남 가로수길점,양식,서울특별시 강남구 신사동
553,남도분식 본점,남도분식,서울특별시 종로구 계동
554,국보족발,족발|보쌈,경기도 하남시 풍산동
555,친츠,아시아음식,광주광역시 서구 마륵동
556,장원막국수,막국수,충청남도 부여군 부여읍
557,또또랜드,카페|디저트,경기도 수원시 팔달구
558,초록달 과자점,카페|디저트,제주특별자치도 제주시 애월읍
559,소정식당,한식,서울특별시 송파구 가락동
560,강민주의들밥,한식,경기도 이천시 마장면
561,라피자,피자,충청북도 청주시 상당구
562,카린지,일식당,서울특별시 성동구 성수동1가
563,뜨돈 진주점,일식당,경상남도 진주시 충무공동
564,옹헤야불백,한식,부산광역시 부산진구 전포동
565,봉주르소몽,샌드위치,대구광역시 수성구 범어동
566,와이 사이드 매자,카페|디저트,강원도 속초시 동명동
567,황리단길 아니마,양식,경상북도 경주시 황남동
568,홍오낙짬뽕,중식당,서울특별시 양천구 목2동
569,미월당 논현점,종합분식,서울특별시 강남구 논현동
570,포항생아구 해물찜,아귀찜|해물찜,경상북도 포항시 남구
571,cafe.sniff,케이크전문,대구광역시 수성구 범어동
572,진짜파스타 2호점,스파게티|파스타전문,서울특별시 마포구 상수동
573,강동수 초밥,초밥|롤,서울특별시 성북구 정릉동
574,부타이,일식당,서울특별시 강남구 대치동
575,밀애,떡볶이,경상북도 경주시 황남동
576,카페아워데이즈,케이크전문,경기도 김포시 구래동
577,파인에이플러스,양식,경상남도 거제시 둔덕면
578,프라우송,베이커리,대구광역시 달서구 월성동
579,미쵸양대창곱창,곱창|막창|양,서울특별시 송파구 잠실동
580,아름다운여행,양식,충청남도 아산시 음봉면
581,스시생선가게,초밥|롤,경기도 성남시 분당구
582,배부자꼽창,곱창|막창|양,인천광역시 계양구 작전동
583,영남냉면밀면,냉면,부산광역시 서구 동대신동2가
584,햇살촌 한우마을,소고기구이,서울특별시 강남구 역삼동
585,기대이상의만족,족발|보쌈,경기도 부천시 원미동
586,고옥,일식당,부산광역시 수영구 남천동
587,라멘루트,일본식라면,경기도 평택시 용이동
588,카페베르데,카페|디저트,부산광역시 강서구 명지동
589,페어링룸,이탈리아음식,서울특별시 강남구 청담동
590,사쿠텐,덮밥,인천광역시 연수구 송도동
591,희소식,퓨전음식,대구광역시 중구 삼덕동3가
592,오라,스파게티|파스타전문,경기도 의정부시 민락동
593,민쿡곱창부대찌개 화정본점,찌개|전골,경기도 고양시 덕양구
594,작은술집시즈,요리주점,광주광역시 광산구 신가동
595,도리도리,닭요리,대구광역시 달서구 두류동
596,본디소,퓨전음식,광주광역시 남구 양림동
597,이을감자탕 대명점,감자탕,대구광역시 남구 대명동
598,상무초밥 강남역점,초밥|롤,서울특별시 강남구 논현동
599,빨강머리이모닭갈비,닭갈비,강원도 춘천시 조양동
600,살살솔트앤샐러드,다이어트|샐러드,서울특별시 성북구 성북동
601,리가든 목포하당점,돼지고기구이,전라남도 목포시 상동
602,청주한씨,한식,서울특별시 성동구 성수동2가
603,매하,이자카야,서울특별시 은평구 불광동
604,백년불고기물갈비 수원점,육류|고기요리,경기도 수원시 팔달구
605,조가네족발왕,족발|보쌈,서울특별시 동작구 사당동
606,카페폰더,카페|디저트,경기도 김포시 구래동
607,치히로식당,초밥|롤,부산광역시 부산진구 전포동
608,뻘다방,카페|디저트,인천광역시 옹진군 영흥면
609,잇미,이탈리아음식,대전광역시 서구 관저동
610,바스버거 을지로점,햄버거,서울특별시 중구 을지로3가
611,낭쿰낭쿰,한식,제주특별자치도 서귀포시 서귀동
612,용라멘,일본식라면,경기도 김포시 구래동
613,제주기와,카페|디저트,제주특별자치도 제주시 애월읍
614,쉐프쿠스토,이탈리아음식,서울특별시 강북구 번동
615,덕수네가리비 1호점,조개요리,충청남도 서산시 대산읍
616,오르바,카페,제주특별자치도 서귀포시 보목동
617,로타리식당,기사식당,전라남도 여수시 서교동
618,새빌,카페|디저트,제주특별자치도 제주시 애월읍
619,세광양대창 영등포점,곱창|막창|양,서울특별시 영등포구 영등포동3가
620,C27 다운타운,카페,인천광역시 중구 덕교동
621,향교밀밭,카페|디저트,경상남도 김해시 동상동
622,골목순대국,순대|순댓국,인천광역시 강화군 강화읍
623,Gallery Cafe Foto &amp; Lounge,갤러리카페,경기도 안양시 동안구
624,본가찌개마을 2호점,찌개|전골,서울특별시 금천구 가산동
625,행복한국수집,국수,서울특별시 관악구 신림동
626,오늘의초밥,초밥|롤,경기도 수원시 영통구
627,하즈벤 수원AK식품관,일식당,경기도 수원시 팔달구
628,암사구르메,이자카야,서울특별시 강동구 암사동
629,마르셀 연남,와인,서울특별시 마포구 연남동
630,복자씨연탄구이,돼지고기구이,제주특별자치도 서귀포시 성산읍
631,고산스시,일식당,충청북도 청주시 흥덕구
632,카페라이,카페|디저트,서울특별시 영등포구 신길동
633,제주제빵소,베이커리,경기도 광주시 오포읍
634,부드럽소 강남역점,소고기구이,서울특별시 서초구 서초동
635,이음 티하우스,차,서울특별시 종로구 부암동
636,숲속쉼표,카페|디저트,경기도 안산시 상록구
637,가토,카페|디저트,광주광역시 남구 양림동
638,이리초밥,초밥|롤,경기도 이천시 대월면
639,신정만국밥,국밥,광주광역시 서구 풍암동
640,구카페,카페,전라북도 전주시 완산구
641,더료미,일식당,울산광역시 남구 달동
642,블랙펄커피,카페,인천광역시 강화군 길상면
643,하나텐,일식당,서울특별시 강남구 신사동
644,가원식당,백숙|삼계탕,대구광역시 동구 용수동
645,압구정곱떡 인천부평점,분식,인천광역시 부평구 부평동
646,통령애,해물|생선요리,부산광역시 남구 대연동
647,어담참치,생선회,경기도 의정부시 민락동
648,이층집코코로 경성대부산본점,이자카야,부산광역시 남구 대연동
649,돈카츠흑심,돈가스,전라북도 전주시 완산구
650,조개창고 수원점,조개요리,경기도 수원시 영통구
651,프로마치,양식,서울특별시 성북구 안암동5가
652,해물의제왕,조개요리,강원도 삼척시 갈천동
653,커피사람친구,카페|디저트,대구광역시 중구 동문동
654,소문듣고왔습니다,카페,대구광역시 중구 남산동
655,용차용차,카페|디저트,부산광역시 금정구 장전동
656,킨로우라멘,일본식라면,서울특별시 동작구 신대방동
657,선심돈카츠,돈가스,서울특별시 서초구 방배동
658,돈이랑 성산점,돼지고기구이,제주특별자치도 서귀포시 성산읍
659,양키통닭 본점,맥주|호프,서울특별시 영등포구 문래동2가
660,또보겠지떡볶이집 붕붕허니비점,분식,서울특별시 마포구 동교동
661,연돈,돈가스,제주특별자치 서귀포시 색달동
662,고기정류장,돼지고기구이,제주특별자치도 서귀포시 중문동
663,다물선횟집,생선회,강원도 강릉시 주문진읍
664,육갑식당 본점,육류|고기요리,서울특별시 서초구 방배동
665,리틀포레스트,이탈리아음식,충청남도 천안시 서북구
666,금화왕돈까스 구월아시아드점,돈가스,인천광역시 남동구 구월동
667,알로이삥삥,태국음식,부산광역시 수영구 민락동
668,수북하이,카페|디저트,대구광역시 북구 고성동3가
669,크럼앤크러스트,베이커리,경기도 하남시 망월동
670,와비,카페|디저트,경상남도 창원시 의창구
671,에베레스트 레스토랑,인도음식,서울특별시 영등포구 영등포동
672,카우앤비프,와인,부산광역시 수영구 남천동
673,공리,중식당,서울특별시 강남구 논현동
674,약수전선생,전|빈대떡,서울특별시 중구 신당동
675,유리카페,카페,인천광역시 강화군 길상면
676,와일드플라워,양식,서울특별시 서초구 방배동
677,오늘도회는뜬다,생선회,제주특별자치도 제주시 조천읍
678,코우,일식당,제주특별자치도 서귀포시 강정동
679,크리스탈제이드 소공점,중식당,서울특별시 중구 소공동
680,만족한상회,한식,제주특별자치도 서귀포시 중문동
681,참치왕 이정규,생선회,광주광역시 서구 동천동
682,싱싱조개,한식,서울특별시 동작구 사당동
683,식당수북,일식당,경기도 고양시 일산서구
684,이프노즈커피,카페|디저트,서울특별시 중랑구 묵동
685,고관함박,양식,부산광역시 동구 수정동
686,메밀로43,막국수,경기도 광주시 남한산성면
687,해왕조개전문 둔촌점,조개요리,서울특별시 강동구 성내동
688,다찌 칸쇼쿠,이자카야,충청북도 청주시 서원구
689,커피앤플레이스,카페,서울특별시 강서구 화곡동
690,모리텐,일식당,경상남도 창원시 의창구
691,아낙네그루브,양식,서울특별시 송파구 송파동
692,신 누들떡볶이,종합분식,충청남도 천안시 서북구
693,더클리프,카페|디저트,제주특별자치도 서귀포시 색달동
694,비비비,카페|디저트,충청남도 부여군 부여읍
695,커피311,카페,경상북도 포항시 남구
696,에그박스 순천본점,토스트,전라남도 순천시 오천동
697,헤이든신씨어,카페|디저트,부산광역시 금정구 금성동
698,포케올데이,다이어트|샐러드,인천광역시 연수구 송도동
699,영점영메가헤르츠,카페|디저트,경기도 시흥시 정왕동
700,기욤 판교 아브뉴프랑점,카페|디저트,경기도 성남시 분당구
701,리마,양식,서울특별시 마포구 서교동
702,MODEST IMPACT,테이크아웃커피,세종특별자치시 조치원읍 원리
703,후라토식당 경복궁 본점,일식당,서울특별시 종로구 당주동
704,커피창고로,카페,전라남도 목포시 상동
705,비봉손칼국수,칼국수|만두,경기도 화성시 비봉면
706,오핑,카페|디저트,경상북도 포항시 남구
707,장미맨숀 모란점,요리주점,경기도 성남시 중원구
708,제주한면가,국수,제주특별자치도 제주시 조천읍
709,정라멘,일본식라면,서울특별시 송파구 삼전동
710,벨라디저트카페,카페|디저트,서울특별시 금천구 독산동
711,경양카츠 X 경양선술,이자카야,서울특별시 성동구 행당동
712,고집돌우럭 제주공항점,향토음식,제주특별자치도 제주시 건입동
713,섬진강재첩국수,한식,전라남도 구례군 토지면
714,밀떡팩토리,떡볶이,서울특별시 강남구 신사동
715,투게더투겟헐,브런치,경상남도 김해시 봉황동
716,빠르끄,카페|디저트,경기도 고양시 일산동구
717,아키비스트,카페,서울특별시 종로구 효자동
718,하와이안비치카페,카페|디저트,제주특별자치도 서귀포시 성산읍
719,발리인망원,아시아음식,서울특별시 마포구 망원동
720,온오프,돈가스,제주특별자치도 제주시 우도면
721,아르틴,브런치,경기도 성남시 분당구
722,파이꽁뜨,카페|디저트,충청남도 아산시 용화동
723,르브와 종로점,이탈리아음식,서울특별시 종로구 관철동
724,오륙도가원,소고기구이,부산광역시 남구 용호동
725,인생초밥,초밥|롤,경기도 부천시 옥길동
726,금송해장,해장국,서울특별시 강남구 역삼동
727,카페 오솔레이,카페|디저트,충청북도 음성군 맹동면
728,맘모스회센터28호,생선회,인천광역시 중구 항동7가
729,강마을다람쥐 덕소점,한식,경기도 남양주시 와부읍
730,딥블랙,카페|디저트,충청남도 천안시 서북구
731,올리브맨션,카페,울산광역시 북구 염포동
732,하우스 베이커리,베이커리,경기도 양평군 서종면
733,호텔세느장,카페|디저트,서울특별시 종로구 낙원동
734,뺑드르뱅&amp;커피칸타빌레,테이크아웃커피,경기도 안양시 동안구
735,봉평차이나,중식당,강원도 평창군 봉평면
736,미즈컨테이너 강남 이스트,이탈리아음식,서울특별시 강남구 역삼동
737,동래밀면 본점,국수,부산광역시 동래구 수안동
738,르시랑스,베이커리,경기도 파주시 탄현면
739,드링커블,맥주|호프,대전광역시 유성구 봉명동
740,월남면반,베트남음식,부산광역시 강서구 명지동
741,효자막창 대전둔산점,곱창|막창|양,대전광역시 서구 둔산동
742,대새목장,카페,대구광역시 달성군 가창면
743,광장해물왕파전,한식,전라북도 군산시 미룡동
744,260도 송도유원지점,소고기구이,인천광역시 연수구 옥련동
745,미소의집,떡볶이,서울특별시 서초구 반포본동
746,스푼앤포크키친,양식,서울특별시 도봉구 쌍문동
747,어글리소사이어티,바(BAR),서울특별시 용산구 이태원동
748,용궁횟집,생선회,인천광역시 강화군 화도면
749,박사부대찌개&amp;파불고기,한식,서울특별시 강서구 마곡동
750,러브앤피스,카페|디저트,경기도 화성시 영천동
751,에이프레임,카페|디저트,강원도 고성군 죽왕면
752,카페허밍바이런베이점,테이크아웃커피,대전광역시 대덕구 법동
753,송암식당,돈가스,강원도 춘천시 삼천동
754,비스트로 오라,이탈리아음식,서울특별시 마포구 연남동
755,아기 해녀의 집,한식,제주특별자치도 제주시 애월읍
756,카페소소한,카페|디저트,경기도 수원시 영통구
757,오르막40,카페|디저트,부산광역시 해운대구 반여동
758,가득,초밥|롤,전라북도 전주시 완산구
759,안432,돈가스,강원도 원주시 반곡동
760,다페레스토랑,인도음식,서울특별시 마포구 상수동
761,청해야,생선회,제주특별자치도 제주시 용담3동
762,미가원,한식,경기도 부천시 상동
763,보나리베,베이커리,경기도 남양주시 별내동
764,면대장바지락생칼국수,칼국수|만두,경상북도 포항시 남구
765,울진대게궁7호,대게요리,경상북도 울진군 죽변면
766,월정멘보,한식,제주특별자치도 제주시 구좌읍
767,카페마마스 강남역점,양식,서울특별시 서초구 서초동
768,건강한밥상,한식,경기도 광주시 남한산성면
769,소한마리정육식당,정육식당,서울특별시 중랑구 망우동
770,스즈란테이 발산점,일식당,서울특별시 강서구 마곡동
771,슬랩,카페|디저트,제주특별자치도 제주시 한림읍
772,인더모닝,카페|디저트,울산광역시 중구 옥교동
773,중화명가,중식당,경기도 의정부시 민락동
774,Cafe My NZ,브런치,경기도 오산시 내삼미동
775,김선장횟집,생선회,대구광역시 동구 신기동
776,렛미베이크,베이커리,서울특별시 강동구 암사동
777,부산케키,카페|디저트,경기도 군포시 당동
778,낙원다방,다방,부산광역시 수영구 망미동
779,팜테이블 수성못점,베이커리,대구광역시 수성구 두산동
780,문화식당,요리주점,서울특별시 성동구 성수동2가
781,경양카츠 대전둔산점,돈가스,대전광역시 서구 둔산동
782,불만제로,생선회,인천광역시 남동구 논현동
783,보뚱치89,양식,경기도 광주시 오포읍
784,라렌느,카페|디저트,서울특별시 종로구 익선동
785,루키,카페|디저트,광주광역시 남구 양림동
786,비커피,카페|디저트,부산광역시 해운대구 우동
787,페스코비건즈,양식,인천광역시 중구 내동
788,뚠뚠이김밥 산본점,김밥,경기도 군포시 산본동
789,발콘드예울,카페,전라남도 여수시 웅천동
790,메이웨이 충장,중식당,광주광역시 동구 황금동
791,카페 툇마루,카페|디저트,강원도 강릉시 초당동
792,올더플레이트 송파점,퓨전음식,서울특별시 송파구 송파동
793,시티바캉스,양식,부산광역시 수영구 광안동
794,보통공간,카페|디저트,서울특별시 마포구 연남동
795,동복뚝배기,향토음식,제주특별자치도 제주시 구좌읍
796,카페 애프터눈,카페|디저트,서울특별시 중랑구 묵동
797,본가서대문족발 본점,족발|보쌈,서울특별시 서대문구 미근동
798,다감,양식,서울특별시 강서구 화곡동
799,미디엄스톤,카페|디저트,서울특별시 성동구 성수동1가
800,슬로우캘리,양식,서울특별시 마포구 연남동
801,제주크랩잭,양식,제주특별자치도 제주시 애월읍
802,이슬집,요리주점,서울특별시 은평구 갈현동
803,지혜수산,생선회,인천광역시 부평구 갈산동
804,호맥,맥주|호프,부산광역시 북구 덕천동
805,친봉산장,양식,제주특별자치도 제주시 구좌읍
806,달달술집,요리주점,부산광역시 중구 중앙동1가
807,야키토리 타키비,요리주점,제주특별자치도 서귀포시 중문동
808,캔버스다락,카페|디저트,부산광역시 영도구 영선동4가
809,앤드테라스,카페|디저트,경기도 파주시 오도동
810,국수의전설,한식,제주특별자치도 서귀포시 신효동
811,제주 함덕 라라떼 커피,카페,제주특별자치도 제주시 조천읍
812,로머스커피,카페|디저트,경상북도 경주시 진현동
813,목동포차 신도림점,포장마차,서울특별시 구로구 신도림동
814,블랙업커피 옥동점,카페,울산광역시 남구 옥동
815,다미안,베이커리,제주특별자치도 서귀포시 법환동
816,맞배집,맥주|호프,대전광역시 중구 대흥동
817,빅토리아베이커리,베이커리,서울특별시 성동구 성수동1가
818,북창동순두부 롯데월드점,한식,서울특별시 송파구 잠실동
819,해피치즈스마일,종합분식,대구광역시 중구 삼덕동3가
820,레이더,카페|디저트,서울특별시 성동구 성수동2가
821,청킹맨션,중식당,광주광역시 동구 불로동
822,안주방,요리주점,서울특별시 강남구 신사동
823,맘마미아,카페|디저트,서울특별시 강남구 신사동
824,농장사람들,육류|고기요리,서울특별시 관악구 봉천동
825,카페크러쉬온드,카페|디저트,대전광역시 서구 둔산동
826,우와,일식당,서울특별시 강남구 신사동
827,마라도횟집,생선회,제주특별자치도 제주시 연동
828,비스트로쉐프,스파게티|파스타전문,인천광역시 중구 신포동
829,카페 귤꽃다락,카페|디저트,제주특별자치도 서귀포시 서호동
830,이너커피,카페|디저트,서울특별시 서초구 방배동
831,젠틀키친,양식,서울특별시 마포구 연남동
832,리꼬비,카페|디저트,대구광역시 중구 교동
833,효뜨,베트남음식,서울특별시 용산구 한강로2가
834,쿠라,일식당,부산광역시 해운대구 중동
835,가봉반과,카페|디저트,경상북도 경주시 사정동
836,카페모로,카페|디저트,서울특별시 마포구 연남동
837,메종 데 쎄종,카페|디저트,서울특별시 종로구 누하동
838,디앤유커피 범서점,카페|디저트,울산광역시 울주군 범서읍
839,주경야돈,돼지고기구이,서울특별시 성북구 동선동1가
840,낙동강생오리집,오리요리,부산광역시 중구 부평동3가
841,카페 스윙,카페|디저트,경상남도 통영시 산양읍
842,오랑지,카페,서울특별시 마포구 연남동
843,도마 유즈라멘,한식,서울특별시 종로구 재동
844,맛남살롱,브런치,인천광역시 부평구 갈산동
845,제주상회,한식,서울특별시 서대문구 창천동
846,인아워타임,브런치,경상북도 경주시 성동동
847,본앤우480,소고기구이,광주광역시 서구 매월동
848,그리다앤쿡,양식,제주특별자치도 제주시 이도이동
849,파쿠야,요리주점,광주광역시 광산구 수완동
850,크림,카페|디저트,제주특별자치도 제주시 삼도이동
851,다원식당,양식,서울특별시 광진구 화양동
852,키노야,이자카야,경기도 구리시 토평동
853,가교,일식당,대구광역시 중구 종로2가
854,부부커피,베이커리,서울특별시 관악구 신림동
855,함박식당,양식,서울특별시 종로구 필운동
856,씨사이드,맥주|호프,강원도 강릉시 사천면
857,송어의꿈,스파게티|파스타전문,서울특별시 영등포구 문래동3가
858,카페산,카페|디저트,충청북도 단양군 가곡면
859,어부피자,양식,제주특별자치도 서귀포시 성산읍
860,5L2F,카페,제주특별자치도 제주시 조천읍
861,중화객잔 수,중식당,서울특별시 용산구 한강로2가
862,물레방아식당,한식,경상북도 구미시 남통동
863,이춘옥원조고등어쌈밥,쌈밥,제주특별자치도 제주시 애월읍
864,카쯔야 종로점,돈가스,서울특별시 종로구 관철동
865,카페 콩스탕스,카페|디저트,경상북도 경주시 북군동
866,인생전집,전|빈대떡,서울특별시 성북구 동소문동5가
867,네모집 직영본점,소고기구이,서울특별시 강남구 논현동
868,무거버거,햄버거,제주특별자치도 제주시 조천읍
869,해운대31cm해물칼국수 수성점,칼국수|만두,대구광역시 수성구 범물동
870,슬런치,양식,서울특별시 마포구 상수동
871,떡하니 문어떡볶이,떡볶이,제주특별자치도 제주시 구좌읍
872,파스타,스파게티|파스타전문,경기도 이천시 중리동
873,협재이길,카페|디저트,주특별자치도 제주시 한림읍
874,합송리 994,카페,충청남도 부여군 규암면
875,나비루,일식당,서울특별시 동작구 상도동
876,애월제주다,한식,제주특별자치도 제주시 애월읍
877,강릉대게,대게요리,강원도 강릉시 홍제동
878,아날로그감귤밭,과실재배,제주특별자치도 제주시 해안동
879,카페더피치,카페|디저트,경기도 시흥시 정왕동
880,간판없는집,요리주점,전라북도 전주시 완산구
881,훌림목,카페|디저트,경상북도 경주시 사정동
882,WAAAH,카페,서울특별시 강동구 성내동
883,딜리셔스프레임,양식,세종특별자치시 보람동 700-76
884,티노마드,카페|디저트,서울특별시 마포구 망원동
885,핀스커피,카페|디저트,충청남도 천안시 동남구
886,훈이네고사리육개장,향토음식,제주특별자치도 제주시 이도이동
887,두갓,카페,제주특별자치도 제주시 해안동
888,Oh vin,이탈리아음식,경기도 수원시 팔달구
889,헤이그라운드,카페|디저트,전라북도 김제시 금산면
890,레이어드1994,카페|디저트,인천광역시 중구 운북동
891,감성타코 판교점,멕시코|남미음식,경기도 성남시 분당구
892,삼인행,요리주점,경기도 안양시 동안구
893,오후다섯시 두가지착각 조차도,카페|디저트,제주특별자치도 제주시 조천읍
894,에머이 세종점,베트남음식,세종특별자치시 나성동 740
895,찰리스플레이스,카페|디저트,경기도 화성시 반송동
896,홍이네 관양본점,이자카야,경기도 안양시 동안구
897,팀호완 삼성점,딤섬|중식만두,서울특별시 강남구 삼성동
898,습관들,카페,인천광역시 중구 내동
899,언올드첨,카페|디저트,경기도 수원시 팔달구
900,세러데이아일랜드,카페,제주특별자치도 서귀포시 남원읍
901,더하이브,베이커리,경기도 남양주시 화도읍
902,AUFGLET2,카페|디저트,서울특별시 마포구 연남동
903,미영이네식당,생선회,제주특별자치도 서귀포시 대정읍
904,바룻,해물|생선요리,부산광역시 기장군 기장읍
905,온쌀국수,베트남음식,경기도 성남시 분당구
906,신야텐야윙스버거 포항두호점,덮밥,경상북도 포항시 북구
907,시청우동,우동|소바,경상남도 거제시 고현동
908,바이산코리아,갤러리카페,서울특별시 성동구 성수동2가
909,연남주막1987,전통|민속주점,서울특별시 마포구 동교동
910,육면,국수,강원도 춘천시 교동
911,엔메르,카페|디저트,서울특별시 강동구 명일동
912,루트비,브런치,대전광역시 서구 가수원동
913,어풍선어횟집,생선회,전라남도 여수시 돌산읍
914,낭만모로코,양식,서울특별시 관악구 봉천동
915,선우수산,일식당,제주특별자치 제주시 조천읍
916,부손항아리막국수,막국수,경기도 가평군 설악면
917,코미호미,카페|디저트,경기도 가평군 가평읍
918,김민섭s.s,한식,제주특별자치도 서귀포시 대정읍
919,바스버거 판교테크노밸리점,햄버거,경기도 성남시 분당구
920,스프링왈츠,플라워카페,경기도 안산시 상록구
921,섭지올레,한식,제주특별자치도 서귀포시 성산읍
922,카페라능,브런치,제주특별자치도 제주시 이호1동
923,뚝방길 홍차가게,카페|디저트,서울특별시 광진구 자양동
924,언더힐,카페,충청남도 아산시 염치읍
925,스모망,카페|디저트,경상남도 창원시 의창구
926,버니디,카페|디저트,경상남도 창원시 의창구
927,휴일로,카페|디저트,제주특별자치도 서귀포시 안덕면
928,세인트린느프렌즈 카페,카페|디저트,경기도 파주시 문발동
929,시적인순간,카페|디저트,제주특별자치도 제주시 구좌읍
930,아키노주방,일식당,인천광역시 연수구 송도동
931,에이비카페 강남1호점,카페,서울특별시 강남구 역삼동
932,비비비당,차,부산광역시 해운대구 중동
933,노라바,라면,제주특별자치도 제주시 애월읍
934,프릳츠 양재점,카페|디저트,서울특별시 서초구 서초동
935,긴죠문,일식당,경기도 고양시 덕양구
936,카페돛,카페|디저트,경기도 광주시 초월읍
937,뉴스보이버거펍청라,바(BAR),인천광역시 서구 청라동
938,디노브런치,브런치,부산광역시 부산진구 전포동
939,세런디피티 78,북카페,경기도 여주시 상거동
940,wknd Lounge,카페|디저트,인천광역시 중구 송학동2가
941,이자카야기술,요리주점,경기도 안산시 단원구
942,쇼롱,양식,대구광역시 중구 남산동
943,로브니,카페|디저트,서울특별시 강남구 역삼동
944,칙피스,양식,서울특별시 강남구 신사동
945,소예르,카페|디저트,전라남도 담양군 담양읍
946,엠오삼오,카페|디저트,경기도 수원시 영통구
947,카페코지만촌,카페|디저트,대구광역시 수성구 만촌동
948,옥돼지식당,돼지고기구이,광주광역시 남구 봉선동
949,봉빵갸또,베이커리,경기도 성남시 수정구
950,쉐프리,이탈리아음식,부산광역시 해운대구 우동
951,오크커피,카페|디저트,대구광역시 수성구 범어동
952,자매의 부엌,이탈리아음식,서울특별시 강남구 신사동
953,차현희순두부청국장,두부요리,강원도 강릉시 초당동
954,팔공산장작구이,돼지고기구이,대구광역시 동구 송정동
955,뜨랑국수,한식,제주특별자치도 서귀포시 서호동
956,청뫼향식당,한식,경상남도 하동군 청암면
957,업스테어 키친,이탈리아음식,경기도 파주시 목동동
958,브로일링커피 강동점,카페|디저트,서울특별시 강동구 성내동
959,스아게,일식당,서울특별시 마포구 서교동
960,새실정원,카페|디저트,서울특별시 관악구 봉천동
961,딱새우407,해물|생선요리,서울특별시 동작구 대방동
962,바나나하루키,카페|디저트,서울특별시 마포구 상수동
963,루브레드,베이커리,서울특별시 강서구 등촌동
964,카페말른,카페|디저트,경상남도 김해시 외동
965,다가파스타,스파게티|파스타전문,전라북도 전주시 완산구
966,소나무집초당순두부,두부요리,강원도 강릉시 초당동
967,카페비아라테,카페|디저트,제주특별자치도 서귀포시 안덕면
968,어라이크커피,카페|디저트,부산광역시 부산진구 전포동
969,우미관,장어|먹장어요리,경기도 구리시 아천동
970,퀸101,바(BAR),서울특별시 종로구 명륜4가
971,피콜로라떼,카페|디저트,경상남도 창원시 성산구
972,해방곱창 대전오류점,곱창|막창|양,대전광역시 중구 오류동
973,터프가이,요리주점,서울특별시 마포구 연남동
974,카페더한옥,카페|디저트,서울특별시 종로구 계동
975,막불감동,냉면,서울특별시 관악구 신림동
976,도대리카페,베이커리,경기도 평택시 현덕면
977,술의식물원,카페,제주특별자치도 제주시 구좌읍
978,이스트우드,카페|디저트,서울특별시 영등포구 도림동
979,귤꽃,카페,제주특별자치도 제주시 조천읍
980,인스밀,베이커리,제주특별자치도 서귀포시 대정읍
981,경양카츠X경양선술 한양대점,이자카야,서울특별시 성동구 행당동
982,29PUB 2호점,양식,서울특별시 강남구 역삼동
983,족발미학,족발|보쌈,서울특별시 관악구 남현동
984,이안테라스 베이커리카페,베이커리,충청북도 청주시 청원구
985,위샐러듀,그리스음식,서울특별시 서대문구 대현동
986,단골손님 원주단계점,요리주점,강원도 원주시 단계동
987,정식카페,카페|디저트,서울특별시 강남구 청담동
988,루체에살레,스파게티|파스타전문,서울특별시 관악구 신림동
989,미쁘동,일식당,서울특별시 마포구 연남동
990,이진태왕소금구이 수성점,돼지고기구이,대구광역시 수성구 수성동4가
991,서울대입구역 룸술집 토모 이자카야,이자카야,서울특별시 관악구 봉천동
992,피앤비코,피자,강원도 강릉시 견소동
993,포크너 신도시점,이탈리아음식,경기도 안산시 단원구
994,세븐데이즈버거,햄버거,충청남도 천안시 서북구
995,아마츄어작업실 아산점,카페|디저트,충청남도 아산시 권곡동
996,아셀카페,카페|디저트,경기도 평택시 비전동
997,조각,카페|디저트,경기도 안양시 동안구
998,할멈숨두부,두부요리,충청북도 충주시 수안보면
999,차마시는뜰,차,서울특별시 종로구 삼청동
1000,버거15,햄버거,부산광역시 강서구 명지동
1001,카페 헤일로,카페|디저트,경기도 용인시 수지구
1002,무상찻집,카페|디저트,제주특별자치도 제주시 용담1동
1003,다람쥐식탁,일식당,제주특별자치도 제주시 한림읍
1004,숙성도 중문점,돼지고기구이,제주특별자치도 서귀포시 색달동
1005,피키차일드다이닝,양식,대구광역시 중구 봉산동
1006,폴루이트,카페|디저트,서울특별시 종로구 관철동
1007,에노테카오토,이탈리아음식,서울특별시 서대문구 연희동
1008,틈,갤러리카페,서울특별시 종로구 익선동
1009,원대구탕,해물|생선요리,서울특별시 용산구 한강로1가
1010,냐항바바바,베트남음식,서울특별시 강서구 등촌동
1011,익스큐즈미,카페|디저트,서울특별시 강서구 마곡동
1012,호어모아,양식,대구광역시 남구 대명동
1013,연곡면옥,냉면,강원도 강릉시 연곡면
1014,카페메르헨,브런치,전라북도 전주시 완산구
1015,온밥,생선구이,부산광역시 수영구 광안동
1016,심야식당 쿠마,일식당,부산광역시 수영구 광안동
1017,반지하,와인,서울특별시 중랑구 면목동
1018,오그커피,카페|디저트,제주특별자치도 제주시 한림읍
1019,모립,카페|디저트,제주특별자치도 제주시 애월읍
1020,향미공간,카페,부산광역시 부산진구 전포동
1021,그집식빵,베이커리,경기도 남양주시 별내동
1022,1978테라스,이탈리아음식,서울특별시 중구 예장동
1023,오버트,카페,서울특별시 중구 신당동
1024,피오니,케이크전문,서울특별시 마포구 서교동
1025,카페썸모어,브런치,인천광역시 남동구 구월동
1026,씨맨스,카페,경상남도 사천시 송포동
1027,아키라커피 송도점,카페|디저트,인천광역시 연수구 동춘동
1028,레리엇,양식,서울특별시 용산구 이태원동
1029,플레이그라운드 브루어리,맥주|호프,경기도 고양시 일산서구
1030,카페 엘토브,베이커리,경기도 오산시 외삼미동
1031,어나더키친 전대점,양식,광주광역시 북구 용봉동
1032,물찬제비,이탈리아음식,대구광역시 중구 공평동
1033,라마앤바바나,인도음식,대구광역시 중구 봉산동
1034,피터스펍,바(BAR),부산광역시 해운대구 중동
1035,엉터리막썰이,생선회,경상남도 거제시 옥포동
1036,향화정,한식,경상북도 경주시 사정동
1037,우굼,한식,제주특별자치도 제주시 애월읍
1038,소공소공,요리주점,서울특별시 중구 북창동
1039,오씨또베이커스,베이커리,대전광역시 유성구 어은동
1040,돈부리파스타 송리단길점,스파게티|파스타전문,서울특별시 송파구 송파동
1041,따스한온도,이탈리아음식,충청남도 천안시 서북구
1042,에그썸,브런치,서울특별시 관악구 봉천동
1043,순천갈대장어,장어|먹장어요리,전라남도 순천시 연향동
1044,네기 실비,한식,서울특별시 종로구 신문로2가
1045,여덟,양식,서울특별시 마포구 연남동
1046,와인파인땡큐,와인,인천광역시 부평구 부평동
1047,씨스루 전포점,카페|디저트,부산광역시 부산진구 전포동
1048,공미학,카페|디저트,서울특별시 서초구 서초동
1049,광명돈까스,돈가스,경기도 광명시 광명동
1050,카페제노아,카페|디저트,부산광역시 중구 부평동1가
1051,부부식당,한식,서울특별시 종로구 동숭동
1052,놀빛바다,생선회,제주특별자치도 제주시 한경면
1053,연남고집,요리주점,서울특별시 마포구 연남동
1054,오르브와,베이커리,광주광역시 광산구 수완동
1055,브럭시,샌드위치,서울특별시 송파구 신천동
1056,로와맨션,카페|디저트,부산광역시 기장군 일광면
1057,산호회집,생선회,서울특별시 구로구 오류동
1058,어서 이곳,카페|디저트,경상남도 밀양시 산내면
1059,신촌브루스,카페|디저트,서울특별시 서대문구 창천동
1060,커피프렌즈촬영지,카페,제주특별자치도 서귀포시 안덕면
1061,이자카야라쿤,이자카야,서울특별시 마포구 연남동
1062,쌍곰다방,카페|디저트,인천광역시 옹진군 영흥면
1063,카페페이버릿컬러,카페,경기도 안양시 동안구
1064,땅콩상회,카페|디저트,강원도 속초시 중앙동
1065,성북동소곱창,곱창|막창|양,서울특별시 성북구 성북동
1066,마시코 노은점,해물|생선요리,대전광역시 유성구 지족동
1067,밀마커피,카페,대구광역시 남구 대명동
1068,빠레뜨한남 수성점,양식,대구광역시 수성구 지산동
1069,이두형홍두깨칼국수,칼국수|만두,경기도 화성시 안녕동
1070,우드비,카페|디저트,경기도 수원시 팔달구
1071,성산포 자연산 회센타,생선회,제주특별자치도 서귀포시 성산읍
1072,월정리 유메이우동,한식,제주특별자치도 제주시 구좌읍
1073,선아해물,수산물,경상남도 통영시 서호동
1074,루트플랜트,카페|디저트,경기도 광주시 오포읍
1075,머글 커피,카페|디저트,경기도 안양시 동안구
1076,이븐도우,피자,부산광역시 부산진구 전포동
1077,Seb'S LOUNGE,양식,서울특별시 강서구 마곡동
1078,하례정원,스파게티|파스타전문,제주특별자치도 서귀포시 남원읍
1079,세이버리,바(BAR),서울특별시 강남구 역삼1동
1080,르토아 베이스먼트,카페,제주특별자치도 제주시 구좌읍
1081,좋아해닭발,닭요리,서울특별시 마포구 서교동
1082,그레이스그래니,카페|디저트,경기도 화성시 능동
1083,세광양대창 제주연동점,곱창|막창|양,제주특별자치도 제주시 연동
1084,홍스시s,일식당,충청북도 청주시 서원구
1085,루베크,와인,서울특별시 서초구 서초동
1086,루어스,카페|디저트,전라북도 전주시 완산구
1087,카페선일,카페|디저트,경상북도 문경시 문경읍
1088,사카나식당,초밥|롤,부산광역시 해운대구 우동
1089,현가네한우돌곱창,곱창|막창|양,울산광역시 남구 달동
1090,익선동 121,한식,서울특별시 종로구 익선동
1091,동갑부부,카페|디저트,부산광역시 수영구 광안동
1092,솟대막걸리 양조장,요리주점,서울특별시 관악구 신림동
1093,청춘부부,카페|디저트,제주특별자치도 서귀포시 대정읍
1094,사가담,카페|디저트,경기도 이천시 송정동
1095,너와의 첫여행,카페|디저트,제주특별자치도 제주시 애월읍
1096,피콜로 빠체,카페|디저트,경기도 부천시 괴안동
1097,KEEP ON,카페,대구광역시 동구 신천동
1098,대장장이화덕피자,피자,서울특별시 종로구 가회동
1099,사파키친,아시아음식,대구광역시 동구 신천동
1100,에이어퍼스트로피,양식,경기도 김포시 구래동
1101,카페947,카페,경기도 남양주시 별내동
1102,라비떼,양식,경기도 성남시 분당구
1103,한상차림밥상,한식,서울특별시 성북구 안암동3가
1104,명족,족발|보쌈,대구광역시 동구 봉무동
1105,고에몬 강남점,스파게티|파스타전문,서울특별시 서초구 서초동
1106,라비앙,카페|디저트,충청남도 천안시 동남구
1107,디폴트벨류,카페|디저트,서울특별시 서대문구 연희동
1108,육값,한식,전라북도 전주시 완산구
1109,스마일사운드,카페|디저트,충청북도 청주시 상당구
1110,홍콩별밤,요리주점,경기도 부천시 심곡동
1111,너티브라운,카페|디저트,인천광역시 부평구 부개동
1112,카페델보스케,카페|디저트,제주특별자치도 서귀포시 상효동
1113,불란서식과자점,베이커리,제주특별자치도 서귀포시 안덕면
1114,경양카츠 평택비전점,돈가스,경기도 평택시 비전동
1115,카페유스,카페|디저트,대전광역시 서구 탄방동
1116,Frame676,이탈리아음식,서울특별시 동작구 신대방동
1117,취향의섬,카페|디저트,제주특별자치도 서귀포시 남원읍
1118,파스토보이 목포연산점,이탈리아음식,전라남도 목포시 연산동
1119,월정리LOWA,카페,제주특별자치도 제주시 구좌읍
1120,패티앤베지스,햄버거,서울특별시 강남구 신사동
1121,항구1465,카페|디저트,경상남도 거제시 장승포동
1122,아빠가만든전복장 아장아장,전복요리,경기도 수원시 영통구
1123,코튼테라스,카페|디저트,광주광역시 남구 봉선동
1124,풀뿌리흑두부,두부요리,전라남도 여수시 율촌면
1125,단디 연남,덮밥,서울특별시 마포구 연남동
1126,임피아또,이탈리아음식,서울특별시 강서구 마곡동
1127,수유리조트,카페|디저트,서울특별시 강북구 수유동
1128,아실라,와인,서울특별시 강남구 역삼동
1129,1938slow,카페|디저트,강원도 강릉시 용강동
1130,안부,베이커리,경기도 안산시 단원구
1131,두더지라운지,양식,경상남도 김해시 구산동
1132,페이센동,일식당,부산광역시 부산진구 전포동
1133,미라지커피,카페|디저트,서울특별시 마포구 연남동
1134,스시 아시타,초밥|롤,전라북도 전주시 완산구
1135,샤오바오우육면,중식당,서울특별시 종로구 관철동
1136,오조로식당,전복요리,제주특별자치도 서귀포시 성산읍
1137,엄용백돼지국밥 종각점,국밥,서울특별시 종로구 인사동
1138,팔도식당갈치조림,한식,제주특별자치도 서귀포시 성산읍
1139,주녹원,요리주점,경기도 안산시 단원구
1140,분덕스,카페|디저트,강원도 춘천시 남산면
1141,Summer Lane,브런치,서울특별시 용산구 한남동
1142,오츠 에스프레소,카페|디저트,서울특별시 마포구 상수동
1143,79파운야드 마곡점,베이커리,서울특별시 강서구 마곡동
1144,온센텐동창원점,일식당,경상남도 창원시 성산구
1145,동광,카페|디저트,제주특별자치도 제주시 이도2동
1146,예이제게장백반 바람의언덕점,게요리,경상남도 거제시 남부면
1147,진영면옥,냉면,서울특별시 금천구 독산동
1148,남도분식,종합분식,경상남도 창원시 진해구
1149,까페베네,카페,강원도 춘천시 소양로3가
1150,코코분식,종합분식,제주특별자치도 제주시 이도이동
1151,안쵸비,양식,부산광역시 수영구 민락동
1152,이스틀리,카페|디저트,제주특별자치도 서귀포시 성산읍
1153,공간다반사,카페|디저트,서울특별시 영등포구 당산동6가
1154,솔향스시,초밥|롤,서울특별시 강북구 미아동
1155,노스티모,그리스음식,서울특별시 서초구 방배동
1156,그릭데이 성신여대점,카페|디저트,서울특별시 성북구 동선동2가
1157,동녘,해물|생선요리,제주특별자치도 제주시 구좌읍
1158,하도미술관,카페|디저트,제주특별자치도 제주시 구좌읍
1159,금복식당,국수,제주특별자치도 제주시 일도1동
1160,통로,태국음식,서울특별시 강동구 성내동
1161,추랑,한식,서울특별시 성북구 삼선동4가
1162,스프링비스트로,이탈리아음식,서울특별시 마포구 합정동
1163,이태리식당,스파게티|파스타전문,경기도 광명시 하안동
1164,카페 더 콘테나,카페|디저트,제주특별자치도 제주시 조천읍
1165,히메시야,일식당,서울특별시 종로구 명륜4가
1166,미투커피,카페|디저트,인천광역시 중구 북성동1가
1167,섭섭이네,양식,제주특별자치도 제주시 구좌읍
1168,면장수 앞산점,한식,대구광역시 남구 대명동
1169,고은,카페|디저트,광주광역시 서구 매월동
1170,선한레시피판교점,한식,경기도 성남시 분당구
1171,멜티드,카페|디저트,대구광역시 중구 삼덕동3가
1172,5412,한식,서울특별시 용산구 한남동
1173,해피치즈스마일 연남점,떡볶이,서울특별시 마포구 연남동
1174,청해수산,생선회,강원도 동해시 묵호진동
1175,대암송어장횟집,생선회,강원도 인제군 인제읍
1176,섭지코지로,생선회,제주특별자치도 서귀포시 성산읍
1177,스시선,초밥|롤,서울특별시 송파구 방이동
1178,낙원정피자 경산점,피자,경상북도 경산시 옥산동
1179,락떼스피릿,카페,서울특별시 마포구 망원동
1180,쿠이시 본점,일식당,경기도 수원시 영통구
1181,Play Bakery,베이커리,경상남도 창원시 의창구
1182,바삭바삭,한식,경기도 부천시 고강동
1183,스페셜티스튜디오,카페,서울특별시 영등포구 문래동2가
1184,오르다,카페|디저트,제주특별자치도 서귀포시 성산읍
1185,Street27,바(BAR),부산광역시 수영구 민락동
1186,멜,양식,대구광역시 중구 봉산동
1187,면장수,한식,대구광역시 수성구 두산동
1188,컨딩커피,카페|디저트,서울특별시 광진구 화양동
1189,덕담,양식,대구광역시 남구 대명3동
1190,604seoul,카페|디저트,서울특별시 마포구 망원동
1191,송추밤나무,한식,경기도 양주시 장흥면
1192,카페 언가,카페|디저트,부산광역시 금정구 금성동
1193,풀내음,국수,강원도 평창군 봉평면
1194,행화촌,중식당,경기도 수원시 팔달구
1195,두루미,요리주점,서울특별시 마포구 연남동
1196,본참치,생선회,경상남도 김해시 부원동
1197,남양수산,수산물,경상남도 진주시 장대동
1198,모루식당 창원점,카레,경상남도 창원시 의창구
1199,모뎐,베이커리,서울특별시 마포구 서교동
1200,숯불구이 연,이자카야,경기도 안양시 동안구
1201,베이커리 씨어터,카페|디저트,경기도 남양주시 화도읍
1202,아틀리에하모니,카페|디저트,서울특별시 성북구 보문동5가
1203,3off,카페|디저트,광주광역시 동구 동명동
1204,머치커피,카페|디저트,서울특별시 동작구 사당동
1205,데이로우 DAY ROW,카페|디저트,서울특별시 용산구 한남동
1206,파불라,중식당,서울특별시 강남구 청담동
1207,하마식당,일식당,강원도 속초시 영랑동
1208,정리의밤,요리주점,서울특별시 서대문구 연희동
1209,우무,카페|디저트,제주특별자치도 제주시 한림읍
1210,리듬,카페|디저트,제주특별자치도 제주시 삼도이동
1211,이익새양과점,베이커리,제주특별자치도 제주시 한림읍
1212,콩밭골순두부,두부요리,부산광역시 해운대구 중동
1213,온더선셋,카페,경상남도 거제시 사등면
1214,당당,브런치,제주특별자치도 제주시 애월읍
1215,난드르바당,돼지고기구이,제주특별자치도 서귀포시 하예동
1216,베로나,카페|디저트,서울특별시 중구 을지로3가
1217,버던트,카페|디저트,경상북도 청도군 이서면
1218,레종데트르,카페|디저트,서울특별시 종로구 누하동
1219,낙원테산도 성수점,일식당,서울특별시 성동구 성수동1가
1220,데브짱,이자카야,서울특별시 송파구 가락동
1221,감저카페,카페,제주특별자치도 서귀포시 대정읍
1222,스튜디오 포비피엠,와인,서울특별시 용산구 청파동3가
1223,잼앤브레드,베이커리,경기도 성남시 분당구
1224,커피320 부천점,카페,경기도 부천시 소사본동
1225,에이프릴25,카페|디저트,제주특별자치도 제주시 연동
1226,팔구칠사,요리주점,서울특별시 동대문구 신설동
1227,목월빵집,베이커리,전라남도 구례군 구례읍
1228,서양차관,홍차전문점,제주특별자치도 서귀포시 하효동
1229,카페오월,카페|디저트,전라남도 광양시 마동
1230,제주보말칼국수,칼국수|만두,광주광역시 광산구 장덕동
1231,네츄럴커피스톨,카페|디저트,광주광역시 동구 지산동
1232,다정하다,카페|디저트,제주특별자치도 서귀포시 동홍동
1233,리셉션,브런치,대전광역시 서구 둔산동
1234,도로도로커피숍,카페|디저트,서울특별시 동작구 노량진동
1235,오거트,카페|디저트,서울특별시 성동구 성수동1가
1236,평화남영,요리주점,서울특별시 용산구 남영동
1237,철문,바(BAR),인천광역시 부평구 부평동
1238,엔틱정 강남논현점,요리주점,서울특별시 강남구 논현동
1239,참치라이더 광주수완점,생선회,광주광역시 광산구 수완동
1240,세화마구간,맥주|호프,제주특별자치도 제주시 구좌읍
1241,샐러드어클락,다이어트|샐러드,경기도 하남시 풍산동
1242,르블란서,프랑스음식,서울특별시 종로구 익선동
1243,커피한약방,카페,서울특별시 중구 을지로2가
1244,기븐,카페|디저트,부산광역시 부산진구 전포동
1245,정그리다,카페|디저트,서울특별시 종로구 창신동
1246,마이에마스,양식,경기도 성남시 분당구
1247,커리드,카레,경기도 수원시 팔달구
1248,한라산아래첫마을영농조합법인,카페|디저트,제주특별자치도 서귀포시 안덕면
1249,게네랄파우제,카페|디저트,부산광역시 중구 영주동
1250,선연채,펜션,제주특별자치도 제주시 구좌읍
1251,선재리커피집,카페|디저트,인천광역시 옹진군 영흥면
1252,호호식당,일식당,서울특별시 종로구 명륜4가
1253,더티트렁크,브런치,경기도 파주시 문발동
1254,클랩피자,피자,서울특별시 강남구 신사동
1255,소셜스낵,카페|디저트,충청남도 천안시 동남구
1256,유오디아,차|커피,경상북도 포항시 북구
1257,나우이피자,피자,대구광역시 중구 동인동4가
1258,압구정곱떡 상무점,분식,광주광역시 서구 치평동
1259,KAFE52,카페|디저트,광주광역시 서구 광천동
1260,소이연남 파미에스테이션점,태국음식,서울특별시 서초구 반포동
1261,하이타이,태국음식,대구광역시 중구 공평동
1262,바마셀,카페,서울특별시 용산구 원효로1가
1263,몬테로쏘,이탈리아음식,경상남도 거제시 일운면
1264,달리책방,서점,제주특별자치도 제주시 한림읍
1265,엔토츠야,일식당,서울특별시 동대문구 장안동
1266,포도집,양식,서울특별시 성북구 정릉동
1267,마호가니 강화점,카페,인천광역시 강화군 화도면
1268,루키더셰프,양식,서울특별시 서초구 방배동
1269,고성,요리주점,대구광역시 북구 고성동3가
1270,꽃님,퓨전음식,경상남도 하동군 화개면
1271,아꼬운디,한식,제주특별자치도 제주시 한림읍
1272,늘봄,향토음식,충청남도 공주시 반포면
1273,사직커피,카페|디저트,서울특별시 종로구 사직동
1274,스텝온더그라운드,베이커리,경상남도 진주시 명석면
1275,마지아레스토,양식,전라남도 목포시 온금동
1276,birdcoffeebrewers,카페,경기도 수원시 장안구
1277,오레노카츠,돈가스,서울특별시 성동구 성수동1가
1278,프리모,카페|디저트,대구광역시 수성구 상동
1279,하릴업시,카페|디저트,경기도 평택시 신장동
1280,슬로우포레스트,브런치,서울특별시 종로구 팔판동
1281,카페비비,카페|디저트,제주특별자치도 제주시 삼양1동
1282,감귤달,카페|디저트,제주특별자치도 제주시 구좌읍
1283,비스트로 로지,일식당,전라남도 목포시 북교동
1284,알로이 타이레스토랑,태국음식,부산광역시 수영구 민락동
1285,나폴리109,스파게티|파스타전문,서울특별시 도봉구 쌍문동
1286,개성집,국수,경기도 남양주시 와부읍
1287,레미솔트,카페|디저트,경기도 남양주시 와부읍
1288,카가와식당,카페|디저트,부산광역시 부산진구 전포동
1289,에그머니나,카페|디저트,부산광역시 사상구 괘법동
1290,애월후식,카페,제주특별자치도 제주시 애월읍
1291,심플리프렌치,프랑스음식,부산광역시 강서구 명지동
1292,라모스버거,햄버거,강원도 춘천시 삼천동
1293,뷰글라스,카페|디저트,강원도 횡성군 둔내면
1294,블랙소울클래식,카페|디저트,경기도 부천시 심곡동
1295,브루클린더버거조인트 동부이촌점,햄버거,서울특별시 용산구 이촌동
1296,탠덤커피클럽,카페|디저트,강원도 양양군 강현면
1297,부엉이빌라,샤브샤브,서울특별시 광진구 화양동
1298,수류헌,카페|디저트,경상남도 진주시 중안동
1299,아곤,맥주|호프,서울특별시 영등포구 문래동2가
1300,어라인커피,카페,부산광역시 부산진구 가야동
1301,레드인,카페|디저트,서울특별시 동대문구 장안동
1302,카페 미와,케이크전문,제주특별자치도 제주시 구좌읍
1303,위트미,브런치,경기도 양주시 만송동
1304,비브레이브 서면,베이커리,부산광역시 부산진구 전포동
1305,바다앞테라스,베이커리,인천광역시 중구 중산동
1306,오늘도카츠,돈가스,부산광역시 영도구 봉래동3가
1307,맘스키친,일식당,서울특별시 종로구 부암동
1308,연과자점,베이커리,제주특별자치도 서귀포시 서귀동
1309,미스터하이볼,바(BAR),서울특별시 관악구 봉천동
1310,동백정원,카페|디저트,제주특별자치도 서귀포시 대포동
1311,테라로사 커피공장 강릉본점,카페,강원도 강릉시 구정면
1312,알레그리아 덕수궁 디팰리스점,카페,서울특별시 종로구 신문로2가
1313,애드리브컴퍼니,카페,전라북도 완주군 상관면
1314,멍때림,카페|디저트,인천광역시 강화군 화도면
1315,윤쉐프 정직한제빵소,베이커리,경기도 양주시 만송동
1316,제스티살룬,햄버거,서울특별시 성동구 성수동1가
1317,평화다방 여의도점,카페|디저트,서울특별시 영등포구 여의도동
1318,중문회어시장,생선회,제주특별자치도 서귀포시 색달동
1319,보사노바 커피로스터스 속초점,카페|디저트,강원도 속초시 조양동
1320,팩토리670,베이커리,경기도 광주시 오포읍
1321,인스퀘어,브런치,경기도 파주시 탄현면
1322,도쿄가다,일식당,부산광역시 부산진구 전포동
1323,난포,한식,서울특별시 성동구 성수동1가
1324,콘하스,카페|디저트,서울특별시 서대문구 연희동
1325,케슬리,샌드위치,서울특별시 노원구 상계동
1326,잇칸시타,일식당,제주특별자치도 제주시 애월읍
1327,아크커피,카페|디저트,인천광역시 부평구 갈산동
1328,한양중식 광명점,중식당,경기도 광명시 일직동
1329,온세면,칼국수|만두,대구광역시 달서구 월성동
1330,롱브르,카페|디저트,서울특별시 마포구 연남동
1331,모미지,일식당,경기도 시흥시 정왕동
1332,예술미각,양식,서울특별시 성북구 삼선동5가
1333,와필레,와플,서울특별시 용산구 이태원동
1334,하연옥 촉석루점,냉면,경상남도 진주시 동성동
1335,삼육오족발 거제아주점,족발|보쌈,경상남도 거제시 아주동
1336,펠른,카페,서울특별시 마포구 연남동
1337,11월의 발자국,카페|디저트,경기도 부천시 중동
1338,비엔,카페|디저트,서울특별시 서초구 반포동
1339,어반그레이 로스터리,카페,부산광역시 부산진구 양정동
1340,코러스커피,카페|디저트,대구광역시 중구 공평동
1341,79파운야드 도산공원점,베이커리,서울특별시 강남구 신사동
1342,오리올,브런치,서울특별시 용산구 후암동
1343,QUENCH COFFEE,음식점,서울특별시 마포구 서교동
1344,테라스룸,양식,서울특별시 강남구 청담동
1345,달의연인,이자카야,제주특별자치도 제주시 애월읍
1346,ROOM 201,이탈리아음식,서울특별시 중구 남산동2가
1347,누시,브런치,서울특별시 용산구 후암동
1348,studio123,카페|디저트,서울특별시 마포구 아현동
1349,뭄미,카페|디저트,서울특별시 마포구 망원동
1350,락희안 일산점,중식당,경기도 고양시 일산동구
1351,키친오늘,양식,서울특별시 성동구 금호동3가
1352,이인,와인,서울특별시 마포구 공덕동
1353,존중,이탈리아음식,경기도 부천시 심곡동
1354,소래버섯나라풍무점,샤브샤브,경기도 김포시 풍무동
1355,꽃가마,한식,전라북도 전주시 완산구
1356,익선디미방,양식,서울특별시 종로구 익선동
1357,대반동201,피자,전라남도 목포시 죽교동
1358,용마루,닭요리,경기도 광주시 남한산성면
1359,똣똣,베트남음식,제주특별자치도 서귀포시 성산읍
1360,뵤뵤,카페|디저트,제주특별자치도 제주시 한림읍
1361,이오로비스트로,퓨전음식,서울특별시 성동구 성수동2가
1362,배 수사,일식당,서울특별시 중구 다동
1363,우호적무관심,카페|디저트,제주특별자치도 제주시 한경면
1364,로맨틱새우,퓨전음식,제주특별자치도 제주시 애월읍
1365,로스터 이안,카페,강원도 강릉시 교1동
1366,풍원장 고기정찬,한식,부산광역시 사상구 엄궁동
1367,르다,카페,서울특별시 노원구 상계동
1368,고불락,한식,제주특별자치도 제주시 애월읍
1369,에스페란자,카페|디저트,경상북도 포항시 남구
1370,카페329,카페|디저트,전라남도 담양군 담양읍
1371,좋은아침 페스츄리 현대프리미엄아울렛 대전점,베이커리,대전광역시 유성구 용산동
1372,비오는날의숲,양식,제주특별자치도 제주시 조천읍
1373,애월 인디고인디드 카페,카페|디저트,제주특별자치도 제주시 애월읍
1374,슈가램프,카페|디저트,제주특별자치도 제주시 한경면
1375,디디카페,카페|디저트,서울특별시 성북구 정릉동
1376,카페유자,카페|디저트,경상남도 남해군 삼동면
1377,청수당,카페|디저트,서울특별시 종로구 익선동
1378,가배도 삼청,카페,서울특별시 종로구 소격동
1379,카페보이드 본점,카페|디저트,대전광역시 서구 내동
1380,구구당,퓨전음식,서울특별시 강남구 역삼동
1381,백화제방,베이커리,부산광역시 기장군 기장읍
1382,푸짐한집,생선회,울산광역시 동구 일산동
1383,플럼버,브런치,경상남도 김해시 부원동
1384,CAKE LAB,케이크전문,경상북도 상주시 서성동
1385,터프이너프,베이커리,경기도 안산시 단원구
1386,보래식탁,한식,제주특별자치도 서귀포시 강정동
1387,비채커피,카페|디저트,충청북도 충주시 노은면
1388,서귀당,베이커리,제주특별자치도 서귀포시 서귀동
1389,오핀 베이커리,카페,경기도 양주시 장흥면
1390,카페검디,카페|디저트,경상북도 포항시 북구
1391,만선식당,생선회,제주특별자치도 서귀포시 대정읍
1392,작업실 조용현,카페|디저트,충청북도 충주시 성내동
1393,홍차가게 안단테,카페,대구광역시 동구 덕곡동
1394,행즈,피자,제주특별자치도 제주시 구좌읍
1395,텐동키츠네,우동|소바,인천광역시 부평구 부평동
1396,포테이블,일식당,전라남도 화순군 화순읍
1397,소보리당로222,카페,제주특별자치도 서귀포시 상예동
1398,콴안다오,베트남음식,서울특별시 강남구 신사동
1399,오네스타,이탈리아음식,경기도 양평군 강상면
1400,스멜츠,이탈리아음식,경기도 광주시 오포읍
1401,슌,일식당,전라남도 나주시 빛가람동
1402,계수작 서면점,요리주점,부산광역시 부산진구 부전동
1403,곧은,카페|디저트,인천광역시 강화군 길상면
1404,통의동 국빈관,소고기구이,서울특별시 종로구 통의동
1405,Dining Hu,요리주점,서울특별시 서대문구 충정로3가
1406,브라이언스커피,카페|디저트,서울특별시 강남구 도곡동
1407,킨포크테이블,돼지고기구이,제주특별자치도 제주시 구좌읍
1408,커피벨트,카페,전라북도 군산시 중앙로1가
1409,37.5 위례점,브런치,경기도 성남시 수정구
1410,카페메모리아,카페,충청북도 충주시 중앙탑면
1411,오늘도화창,카페|디저트,제주특별자치도 제주시 구좌읍
1412,카페차롱,카페|디저트,제주특별자치도 서귀포시 안덕면
1413,카페드바바,카페|디저트,경기도 성남시 분당구
1414,테바카페,베이커리,전라북도 전주시 덕진구
1415,카페벙커,카페,경상북도 경산시 서상동
1416,엘림커피,카페,강원도 평창군 진부면
1417,협재술시,요리주점,제주특별자치도 제주시 한림읍
1418,엠이유퍼,베트남음식,인천광역시 중구 용동
1419,라구라구,스파게티|파스타전문,경기도 하남시 망월동
1420,칸다소바,일본식라면,서울특별시 마포구 상수동
1421,호도리,카페|디저트,충청북도 청주시 흥덕구
1422,도쿄술집 선릉역점,이자카야,서울특별시 강남구 대치동
1423,길한우,소고기구이,경상북도 경주시 황성동
1424,주인의주방 전주혁신도시점,이자카야,전라북도 완주군 이서면
1425,카페 퍼즈,베이커리,경기도 평택시 평택동
1426,우럭잡는총각,한식,경상남도 창원시 마산합포구
1427,카페 여주,카페|디저트,경기도 여주시 강천면
1428,브런치부기,카페|디저트,경기도 고양시 덕양구
1429,구구집,생선회,강원도 속초시 영랑동
1430,킷사모노,양식,부산광역시 중구 대청동2가
1431,주리스커피,카페|디저트,강원도 정선군 남면
1432,카페배양장,카페|디저트,경상남도 통영시 산양읍
1433,뷰티그로서리,양식,서울특별시 강남구 신사동
1434,돈꿀꺽,한식,제주특별자치도 제주시 애월읍
1435,이에르바,카페|디저트,제주특별자치도 제주시 조천읍
1436,롯데호텔서울 모모야마,일식당,서울특별시 중구 소공동
1437,카페하프온즈,카페|디저트,서울특별시 용산구 후암동
1438,소양강춘천막국수 동래점,막국수,부산광역시 동래구 명륜동
1439,마끼스시,일식당,강원도 동해시 평릉동
1440,온더보더 수원AK점,멕시코|남미음식,경기도 수원시 팔달구
1441,전라국수,칼국수|만두,경기도 남양주시 조안면
1442,연화온도,카페|디저트,부산광역시 해운대구 우동
1443,온블랙94,스테이크|립,서울특별시 마포구 상수동
1444,니모스,카페|디저트,서울특별시 성북구 성북동
1445,이서방왕족발보쌈 동탄점,족발|보쌈,경기도 화성시 반송동
1446,대게가,대게요리,인천광역시 서구 원당동
1447,초록지붕의앤,패밀리레스토랑,경기도 안산시 상록구
1448,봉순게장,게요리,경기도 부천시 작동
1449,배터지는게장,게요리,인천광역시 남동구 장수동
1450,부부정,일식당,경기도 김포시 장기동
1451,뉴오리진 스타필드안성점,카페|디저트,경기도 안성시 공도읍
1452,어반스피릿,카페|디저트,경기도 성남시 분당구
1453,기리 칠곡점,돈가스,대구광역시 북구 동천동
1454,호운,생선구이,경기도 이천시 신둔면
1455,카페리네,카페|디저트,경기도 용인시 처인구
1456,땀땀,베트남음식,서울특별시 용산구 한남동
1457,마마네회포장,생선회,제주특별자치도 서귀포시 서귀동
1458,세상의모든아침 광교점,브런치,경기도 수원시 영통구
1459,카페 그리너리티,카페|디저트,서울특별시 도봉구 창동
1460,온량,양식,서울특별시 성동구 성수동1가
1461,이태리국시 본점,양식,대전광역시 서구 둔산동
1462,행복이가득한집,카페|디저트,서울특별시 용산구 후암동
1463,오스트리아빈,카페|디저트,대전광역시 유성구 갑동
1464,포레스트H,카페|디저트,경기도 광주시 초월읍
1465,중화카츠,돈가스,서울특별시 성동구 성수동1가
1466,카페아스타나,카페,경기도 화성시 기산동
1467,카페메이븐,브런치,경기도 수원시 팔달구
1468,롤링파스타 서현역점,이탈리아음식,경기도 성남시 분당구
1469,카페웨이브앤델리,스파게티|파스타전문,서울특별시 중랑구 상봉동
1470,몰마농,햄버거,제주특별자치도 서귀포시 성산읍
1471,킹콩파스타,이탈리아음식,서울특별시 강동구 길동
1472,푸른솔가든,한식,인천광역시 강화군 강화읍
1473,유니온,양식,제주특별자치도 제주시 구좌읍
1474,카페 아띠,카페|디저트,제주특별자치도 서귀포시 도순동
1475,노형수산시장,생선회,제주특별자치도 제주시 노형동
1476,벨라로사,스테이크|립,경기도 성남시 분당구
1477,청목식당,한식,강원도 춘천시 사농동
1478,전주단지네 대전오류점,한식,대전광역시 중구 오류동
1479,오늘의날씨,카페,충청남도 천안시 동남구
1480,롤링파스타 광주유스퀘어점,이탈리아음식,광주광역시 서구 광천동
1481,어보,해물|생선요리,부산광역시 기장군 일광면
1482,버터플레이버,카페|디저트,광주광역시 북구 운암동
1483,갤러리카페밀,카페|디저트,경기도 고양시 일산동구
1484,청풍황금떡갈비,한식,충청북도 제천시 청풍면
1485,삼촌네 심야식당,요리주점,대전광역시 유성구 봉명동
1486,620콜린스,카페,경상북도 경주시 황남동
1487,봉등당,카페|디저트,경상북도 영천시 문외동
1488,오부이용,프랑스음식,서울특별시 성동구 금호동1가
1489,미태리 김포카림애비뉴점,스파게티|파스타전문,경기도 김포시 구래동
1490,스웰즈베이커리,베이커리,경기도 남양주시 별내동
1491,서올건설 베이커리 카페,카페,충청남도 천안시 서북구
1492,그린플레이트,카페|디저트,대구광역시 달서구 진천동
1493,스시현,초밥|롤,경기도 부천시 심곡동
1494,동명정류장,카페|디저트,제주특별자치도 제주시 한림읍
1495,그린그라스 풍경,카페|디저트,경기도 광주시 오포읍
1496,다운타우너 청담,햄버거,서울특별시 강남구 신사동
1497,카페유오유,카페|디저트,서울특별시 강서구 가양동
1498,야마야 을지로,일식당,서울특별시 중구 수하동
1499,라온하제,베트남음식,경상남도 창원시 성산구
1500,깡통만두,만두,서울특별시 종로구 재동
1501,그리다부부,카페|디저트,부산광역시 중구 대청동2가
1502,박순례 손말이고기 산정집 광화문점,소고기구이,서울특별시 종로구 당주동
1503,커피리브레 타임스퀘어점,카페,서울특별시 영등포구 영등포동4가
1504,강남명전,전|빈대떡,서울특별시 서초구 서초동
1505,다가연어,한식,전라북도 전주시 완산구
1506,란콰이펑누들,한식,서울특별시 강서구 마곡동
1507,번패티번 세종점,햄버거,세종특별자치시 나성동 361-50
1508,백록횟집,생선회,제주특별자치도 서귀포시 성산읍
1509,도라보울,일식당,부산광역시 중구 남포동2가
1510,튜나킹,생선회,대구광역시 수성구 범어동
1511,카페유어프레즌트 이천직영점,카페|디저트,경기도 이천시 창전동
1512,빅딜,카페|디저트,경상남도 양산시 물금읍
1513,Neue Atmung,카페|디저트,서울특별시 강남구 신사동
1514,상청당,카페,경기도 안양시 동안구
1515,잔상,와인,서울특별시 마포구 연남동
1516,닝교초식당 홍대점,일식당,서울특별시 마포구 동교동
1517,보틀러,양식,서울특별시 중구 충무로3가
1518,까루테,카페|디저트,경기도 수원시 권선구
1519,싱싱소래포구회 서구청역3호점,생선회,인천광역시 서구 심곡동
1520,난식당1974,한식,경상북도 경주시 진현동
1521,베이스먼트,카페|디저트,경기도 안양시 만안구
1522,SADDLER HAUS,와플,서울특별시 강남구 신사동
1523,피제리아다알리,이탈리아음식,대전광역시 유성구 지족동
1524,카모메 동부이촌점,오니기리,서울특별시 용산구 이촌동
1525,더포레스트,베이커리,경기도 양평군 서종면
1526,달리181,스파게티|파스타전문,서울특별시 관악구 신림동
1527,마녀의 언덕 카페,카페|디저트,제주특별자치도 서귀포시 하예동
1528,뜨돈 칠곡점,돈가스,대구광역시 북구 구암동
1529,피카피오,초콜릿전문점,서울특별시 강동구 천호동
1530,콜린,카페|디저트,서울특별시 마포구 서교동
1531,망중한 커피앤티,카페|디저트,충청남도 공주시 반죽동
1532,흑돼지가있는풍경 노형점,돼지고기구이,제주특별자치도 제주시 노형동
1533,압구정곱떡 가로수길점,분식,서울특별시 강남구 신사동
1534,뜰과다원,한방카페,서울특별시 종로구 관훈동
1535,도담추어탕,추어탕,경기도 고양시 덕양구
1536,진복호,생선회,인천광역시 강화군 길상면
1537,로우앤슬로우,스테이크|립,서울특별시 용산구 이태원동
1538,화정맛집민쿡다시마,초밥|롤,경기도 고양시 덕양구
1539,백석,바(BAR),부산광역시 해운대구 중동
1540,silver HAN spoon,일식당,서울특별시 강남구 신사동
1541,우리매운탕,해물|생선요리,충청북도 괴산군 괴산읍
1542,청류벽,막국수,서울특별시 서초구 서초동
1543,인도가는길,인도음식,대구광역시 중구 대봉동
1544,털보장어,장어|먹장어요리,충청남도 당진시 읍내동
1545,문스타파,스페인음식,서울특별시 마포구 도화동
1546,스노우피,초밥|롤,대구광역시 중구 동성로3가
1547,비스트로초이,이탈리아음식,서울특별시 성동구 행당동
1548,삼봉차이나,중식당,경상북도 포항시 북구
1549,도토리키친,국수,제주특별자치도 제주시 삼도이동
1550,스터번,양식,서울특별시 강남구 역삼동
1551,밭,카페|디저트,대구광역시 수성구 범어동
1552,라라브레드 양산점,카페|디저트,광주광역시 북구 본촌동
1553,Hut,카페,전라남도 목포시 북교동
1554,하이웨스트 익선,카페|디저트,서울특별시 종로구 돈의동
1555,훼미리손칼국수보쌈,칼국수|만두,서울특별시 성동구 성수동1가
1556,SAAP 연남,태국음식,서울특별시 마포구 연남동
1557,소와,소고기구이,경상북도 포항시 북구
1558,국시트멍,국수,제주특별자치도 제주시 노형동
1559,유가네한우곰탕,한식,경기도 수원시 영통구
1560,본우리반상 그랑서울점,한식,서울특별시 종로구 청진동
1561,대세,요리주점,서울특별시 강북구 수유동
1562,시암,태국음식,경기도 화성시 송동
1563,득이네찜 영일대점,해물|생선요리,경상북도 포항시 북구
1564,아오모리,한식,경기도 안산시 단원구
1565,훈감동,덮밥,서울특별시 서초구 방배동
1566,제주그때그집 공항점,돼지고기구이,제주특별자치도 제주시 도두이동
1567,해운대횟집,일식당,부산광역시 해운대구 중동
1568,프레쉬맨,일식당,대전광역시 서구 갈마동
1569,트라토리아다니,이탈리아음식,서울특별시 마포구 망원동
1570,구례섬진강다슬기수제비,한식,전라남도 구례군 구례읍
1571,우주선,베이커리,제주특별자치도 제주시 한림읍
1572,돼지꿈,돼지고기구이,대구광역시 동구 율하동
1573,신춘천닭갈비,닭갈비,강원도 원주시 반곡동
1574,뉴질랜드스토리,브런치,서울특별시 송파구 송파동
1575,알페인,맥주|호프,경기도 안산시 단원구
1576,기장올바른대게,대게요리,부산광역시 기장군 기장읍
1577,상수역283,양식,전라북도 전주시 완산구
1578,하백,카페|디저트,경기도 남양주시 조안면
1579,쿠로스시,초밥|롤,서울특별시 송파구 문정동
1580,바다뷰제빵소,베이커리,강원도 양양군 강현면
1581,그린무드,카페|디저트,제주특별자치도 서귀포시 중문동
1582,대연골목,카페|디저트,부산광역시 남구 대연동
1583,미도인 강남,양식,서울특별시 강남구 역삼동
1584,여진식당,게요리,전라남도 여수시 학동
1585,사이숲,브런치,경기도 안양시 만안구
1586,스시예찬,초밥|롤,인천광역시 강화군 삼산면
1587,꼬르소커피,카페|디저트,서울특별시 종로구 평동
1588,텟포,이자카야,경기도 안산시 상록구
1589,낙원타코 서현점,멕시코|남미음식,경기도 성남시 분당구
1590,잭슨피자 이촌점,피자,서울특별시 용산구 용산동5가
1591,와이낫,이탈리아음식,서울특별시 관악구 신림동
1592,돔베초밥 아중점,초밥|롤,전라북도 전주시 덕진구
1593,진성반점,중식당,제주특별자치도 제주시 아라이동
1594,한상근대통밥집,한식,전라남도 담양군 월산면
1595,초심,요리주점,경기도 구리시 토평동
1596,앨리스의 식탁,양식,서울특별시 도봉구 창동
1597,돌카롱 사려니숲길점,양식,제주특별자치도 제주시 조천읍
1598,동백식탁,이탈리아음식,경기도 용인시 기흥구
1599,고인돌황소곱창,곱창|막창|양,경기도 안양시 만안구
1600,앙뉴카페,카페|디저트,서울특별시 강남구 도곡동
1601,화룡정육점식당,정육식당,경기도 이천시 부발읍
1602,꽃담은소 영등포구청점,소고기구이,서울특별시 영등포구 당산동3가
1603,근린주옥,이자카야,서울특별시 강서구 마곡동
1604,코코리파이프,스파게티|파스타전문,제주특별자치도 제주시 애월읍
1605,카페발코니,브런치,울산광역시 남구 달동
1606,더 방갈로,바(BAR),서울특별시 용산구 이태원동
1607,덤덤덤쪽갈비 양산중부점,육류|고기요리,경상남도 양산시 중부동
1608,이츠모라멘,일본식라면,강원도 강릉시 초당동
1609,이노찌,요리주점,서울특별시 강북구 수유동
1610,대막비스트로,일식당,서울특별시 강남구 신사동
1611,가치,이자카야,제주특별자치도 제주시 용담1동
1612,일번지옛날통닭,치킨|닭강정,서울특별시 강북구 수유동
1613,브라운하우스,카페|디저트,서울특별시 마포구 연남동
1614,유익상스시,초밥|롤,서울특별시 마포구 서교동
1615,김민성셰프베이커리,베이커리,경상북도 포항시 북구
1616,안성돌곱창,곱창|막창|양,경기도 안성시 석정동
1617,줄리앤칩버드내점,양식,대전광역시 중구 유천1동
1618,버거베어 양정점,햄버거,부산광역시 부산진구 양정동
1619,대나무베트남명품쌀국수,베트남음식,인천광역시 연수구 동춘동
1620,칠돈가 본점,돼지고기구이,제주특별자치도 제주시 용담2동
1621,꽃기린카페,카페,제주특별자치도 제주시 조천읍
1622,멘야노유메,일본식라면,경기도 이천시 중리동
1623,까페동향,카페|디저트,서울특별시 영등포구 당산동1가
1624,제주약수터올레시장점,맥주|호프,제주특별자치도 서귀포시 서귀동
1625,흥부와놀부,한식,충청북도 청주시 상당구
1626,오스테리아샘킴,양식,서울특별시 마포구 합정동
1627,블루문카페,카페|디저트,인천광역시 남동구 구월동
1628,이가 사시미,생선회,서울특별시 은평구 응암동
1629,수완초밥,초밥|롤,광주광역시 광산구 수완동
1630,60빈스,카페,제주특별자치도 서귀포시 호근동
1631,쭈꾸미아저씨 신곡점,주꾸미요리,경기도 의정부시 신곡동
1632,화양연가 2호점,중식당,서울특별시 용산구 남영동
1633,스시앤,초밥|롤,인천광역시 부평구 부평동
1634,커피내리는버스정류장,카페|디저트,강원도 속초시 금호동
1635,오크셔통돼지&amp;철판,돼지고기구이,경기도 고양시 일산서구
1636,봉순이네흑돼지,돼지고기구이,제주특별자치도 서귀포시 대정읍
1637,등촌칼국수 광명점,칼국수|만두,경기도 광명시 철산동
1638,교대이층집 동탄점,육류|고기요리,경기도 화성시 반송동
1639,두부만드는집,두부요리,대전광역시 중구 유천동
1640,프라이데이,종합분식,대구광역시 중구 삼덕동1가
1641,더로맨틱 내 생에 가장 아름다운 날들,카페|디저트,제주특별자치도 제주시 조천읍
1642,털보수산,생선회,경기도 광명시 하안동
1643,마포왕족발,족발|보쌈,서울특별시 마포구 공덕동
1644,별미곱창,곱창|막창|양,서울특별시 송파구 방이동
1645,하우돈곱창 소하점,곱창|막창|양,경기도 광명시 소하동
1646,한가족숯불닭갈비,닭갈비,강원도 춘천시 신동면
1647,모토이시 역삼점,육류|고기요리,서울특별시 강남구 역삼동
1648,백소정 홍성내포점,일식당,충청남도 홍성군 홍북읍
1649,쌍둥이횟집본점,생선회,제주특별자치도 서귀포시 서귀동
1650,옥면가 논현지점,국수,서울특별시 강남구 논현동
1651,우대겸애월살롱,패밀리레스토랑,제주특별자치도 제주시 애월읍
1652,복호식당,닭갈비,경상남도 진주시 가좌동
1653,르풀,카페,서울특별시 중구 정동
1654,사우스커피,카페|디저트,제주특별자치도 서귀포시 안덕면
1655,카페모테이,카페|디저트,경기도 의왕시 내손동
1656,꾸돈 침산점,곱창|막창|양,대구광역시 북구 칠성동2가
1657,우진해장국,향토음식,제주특별자치도 제주시 삼도2동
1658,1987루프탑라운지,카페|디저트,충청북도 청주시 상당구
1659,수다 대치점,이자카야,서울특별시 강남구 대치동
1660,인더하우스,피자,강원도 횡성군 둔내면
1661,금성커피,카페,서울특별시 강남구 도곡동
1662,배씨상회 경주점,요리주점,경상북도 경주시 동천동
1663,백년갈비 경성대점,육류|고기요리,부산광역시 남구 대연동
1664,신촌오리농원,오리요리,광주광역시 북구 대촌동
1665,아끈식당,스파게티|파스타전문,제주특별자치도 제주시 조천읍
1666,크레이저커피 갈산점,카페,인천광역시 부평구 갈산동
1667,PASTA HOUSE 오늘의식탁,스파게티|파스타전문,서울특별시 은평구 대조동
1668,문화동96,카페|디저트,충청남도 천안시 동남구
1669,고소운,카페|디저트,서울특별시 동대문구 이문동
1670,레빠쥬,이탈리아음식,서울특별시 강남구 신사동
1671,덕주골산장,한식,충청북도 제천시 한수면
1672,우문,한식,경기도 군포시 산본동
1673,바당모살,생선회,제주특별자치도 제주시 조천읍
1674,여울목소곱창,곱창|막창|양,경기도 의정부시 장암동
1675,명성즉석떡볶이,종합분식,서울특별시 강동구 상일동
1676,용씨네 누룽지통닭구이,한식,서울특별시 서대문구 홍제동
1677,나의 계절 봄,플라워카페,대구광역시 북구 태전동
1678,동피랑김밥,김밥,경상남도 통영시 서호동
1679,츄룹,아이스크림,광주광역시 동구 광산동
1680,쿵푸불짬뽕,중식당,경기도 양평군 단월면
1681,고쿠텐 홍대점,일식당,서울특별시 마포구 동교동
1682,겟인 상북,카페|디저트,경상남도 양산시 상북면
1683,몰트바 루바토,바(BAR),서울특별시 마포구 용강동
1684,로얄경양식&amp;스테이크,양식,경상남도 양산시 물금읍
1685,초밥어선생,초밥|롤,대전광역시 서구 변동
1686,코코펠리,카페|디저트,경상남도 사천시 벌리동
1687,영동소곱창 신사점,곱창|막창|양,서울특별시 강남구 신사동
1688,팔팔민물장어,장어|먹장어요리,서울특별시 서초구 반포동
1689,햇살복집,복어요리,경상남도 남해군 삼동면
1690,정돈 대학로본점,돈가스,서울특별시 종로구 명륜4가
1691,목장원,소고기구이,부산광역시 영도구 동삼동
1692,MMM cafe,카페|디저트,경상북도 포항시 남구
1693,카페 921,카페|디저트,강원도 평창군 용평면
1694,어씨네본가,해물|생선요리,충청남도 공주시 반포면
1695,88회스시88,초밥|롤,대구광역시 동구 상매동
1696,고기요리왕,돼지고기구이,서울특별시 양천구 신정동
1697,런이트,카페|디저트,서울특별시 마포구 상암동
1698,오복수산 한남,일식당,서울특별시 용산구 한남동
1699,staywell cafe,카페,서울특별시 마포구 공덕동
1700,팥이재,빙수,서울특별시 영등포구 여의도동
1701,예당소쿠리밥상,보리밥,충청남도 예산군 대흥면
1702,한스떡볶이 중곡1호점,떡볶이,서울특별시 광진구 중곡동
1703,고반식당 판교아브뉴프랑점,돼지고기구이,경기도 성남시 분당구
1704,황제짬뽕양꼬치전문점,중식당,서울특별시 금천구 가산동
1705,톤쇼우,돈가스,부산광역시 수영구 민락동
1706,신삼천포횟집,생선회,울산광역시 동구 방어동
1707,아로스토,브런치,경기도 용인시 수지구
1708,썬라이즈135,라면,제주특별자치도 서귀포시 성산읍
1709,마또이따,스파게티|파스타전문,경기도 광명시 철산동
1710,에바돈가츠 도농점,돈가스,경기도 남양주시 다산동
1711,BPD 카페,카페|디저트,인천광역시 부평구 부평동
1712,수진이네손칼국수,칼국수|만두,경기도 부천시 오정동
1713,백화네부엌 교대점,요리주점,서울특별시 서초구 서초동
1714,퀸즈샐러드,다이어트|샐러드,서울특별시 광진구 자양동
1715,한일맛집,찜닭,충청북도 단양군 매포읍
1716,위드케익,카페|디저트,경기도 군포시 도마교동
1717,블루밍데이,카페|디저트,경기도 안산시 단원구
1718,갓잇 송리단길점,멕시코|남미음식,서울특별시 송파구 송파동
1719,그린노마드,카페,부산광역시 수영구 망미동
1720,복정동커피집,카페|디저트,경기도 성남시 수정구
1721,거잠포횟집,생선회,인천광역시 중구 운서동
1722,포항물회,생선회,강원도 강릉시 옥천동
1723,골목이야기,카페,충청북도 청주시 청원구
1724,한성양꼬치 교대점,양꼬치,서울특별시 서초구 서초동
1725,타짜도르 강남점,카페|디저트,서울특별시 서초구 서초동
1726,혜화시장 방이점,요리주점,서울특별시 송파구 방이동
1727,봉화에프앤비,기업,서울특별시 강남구 삼성동
1728,평릉한우설렁탕,곰탕|설렁탕,강원도 동해시 평릉동
1729,대정양곱창 별관,곱창|막창|양,부산광역시 중구 부평동1가
1730,알로하포케 학동점,퓨전음식,서울특별시 강남구 논현동
1731,알렉산더플라츠,카페|디저트,서울특별시 광진구 화양동
1732,oooa,양식,대구광역시 중구 덕산동
1733,Pres Coffee,카페|디저트,서울특별시 송파구 송파동
1734,달항아리,죽,서울특별시 종로구 관훈동
1735,타이거슈가 부천점,카페|디저트,경기도 부천시 심곡동
1736,오늘돈카츠,돈가스,서울특별시 금천구 가산동
1737,스시뷰,초밥|롤,경기도 김포시 구래동
1738,녹아,카페|디저트,경상북도 경주시 황남동
1739,교자나지,이자카야,전라북도 전주시 완산구
1740,윤가면옥,냉면,서울특별시 송파구 방이동
1741,화수분제빵소,베이커리,경기도 남양주시 화도읍
1742,쉐프깐딴떼,이탈리아음식,경기도 광주시 장지동
1743,시골못난이투,한식,제주특별자치도 제주시 연동
1744,김삿갓통닭 도산점,치킨|닭강정,광주광역시 광산구 도산동
1745,대전봉명동맛집 대손관본점,돈가스,대전광역시 유성구 봉명동
1746,노베이커노베이커스,카페|디저트,부산광역시 부산진구 전포동
1747,와이에스컴퍼니,종합분식,전라남도 여수시 웅천동
1748,회산장칼국수,칼국수|만두,강원도 강릉시 홍제동
1749,맛골,한식,강원도 양양군 손양면
1750,러브 이즈 기빙,인테리어소품,부산광역시 수영구 광안동
1751,한결돈가스,돈가스,경기도 안산시 단원구
1752,사유적가드닝 협재식물원,카페|디저트,제주특별자치도 제주시 한림읍
1753,소앵븟,요리주점,제주특별자치도 제주시 외도1동
1754,중국가정식 장강중류,중식당,서울특별시 용산구 이태원동
1755,감성밥,일식당,경기도 하남시 풍산동
1756,샤오린,카페|디저트,서울특별시 노원구 공릉동
1757,삼교리동치미막국수 동해점,막국수,강원도 동해시 용정동
1758,또 봄,양식,전라남도 장흥군 장흥읍
1759,온센 강남점,일식당,서울특별시 서초구 서초동
1760,경양카츠,돈가스,경상북도 경주시 황남동
1761,225토마토스트릿,양식,울산광역시 중구 태화동
1762,마포진짜원조최대포본점,돼지고기구이,서울특별시 마포구 공덕동
1763,얼터너티브,카페|디저트,서울특별시 송파구 송파동
1764,오목눈이,베이커리,서울특별시 관악구 봉천동
1765,장어미식가,장어|먹장어요리,경기도 고양시 일산서구
1766,굳돈,돈가스,전라북도 군산시 수송동
1767,unusual,카페,서울특별시 영등포구 당산동4가
1768,온트모팅,카페|디저트,경상남도 창원시 마산합포구
1769,마시쭈,주꾸미요리,서울특별시 강동구 길동
1770,술독1989,맥주|호프,경상남도 양산시 물금읍
1771,남도분식 서촌점,남도분식,서울특별시 종로구 누상동
1772,쪼끄뜨레,돈가스,제주특별자치도 제주시 한경면
1773,저절로막창 종로점,곱창|막창|양,대구광역시 중구 전동
1774,간장을품은소라게,해물|생선요리,제주특별자치도 제주시 애월읍
1775,테일,카페|디저트,강원도 고성군 죽왕면
1776,시하도,한식,서울특별시 은평구 역촌동
1777,토부,카페|디저트,강원도 강릉시 교동
1778,플롭,피자,서울특별시 은평구 응암동
1779,핏제리아안티코,이탈리아음식,경상남도 김해시 무계동
1780,띠엘로,양식,서울특별시 강남구 역삼동
1781,바삭 신서귀포점,돈가스,제주특별자치도 서귀포시 강정동
1782,주간소바식당 산,일식당,서울특별시 종로구 통인동
1783,앗싸떡볶이,떡볶이,인천광역시 중구 내동
1784,싱싱베이커리,빵류제조,강원도 춘천시 온의동
1785,아리,일식당,제주특별자치도 서귀포시 강정동
1786,이태원주식,한식,서울특별시 용산구 이태원동
1787,팔백집,돼지고기구이,서울특별시 성북구 동선동2가
1788,미스틱3도,카페,제주특별자치도 제주시 노형동
1789,연어골,이자카야,서울특별시 동대문구 장안동
1790,백촌막국수,막국수,강원도 고성군 토성면
1791,맨션 드 방콕,태국음식,대구광역시 중구 봉산동
1792,카페소삼,카페|디저트,인천광역시 부평구 부평동
1793,한끼당,한식,서울특별시 송파구 문정동
1794,배멧초밥참치,초밥|롤,전라남도 나주시 빛가람동
1795,현미해물천국,한식,부산광역시 영도구 남항동1가
1796,이치아더포라이프,카페|디저트,전라북도 전주시 완산구
1797,바삭돈가스 애월해안도로점,돈가스,제주특별자치도 제주시 애월읍
1798,가솔린앤로지스,일식당,부산광역시 부산진구 전포동
1799,버거인,햄버거,서울특별시 용산구 청파동3가
1800,아줄레주,카페|디저트,제주특별자치도 서귀포시 성산읍
1801,해성막창집 엘시티점,곱창|막창|양,부산광역시 해운대구 중동
1802,얼스어스,카페|디저트,서울특별시 마포구 연남동
1803,지유가오카핫초메 선릉점,케이크전문,서울특별시 강남구 역삼2동
1804,후후라멘,일본식라면,경기도 고양시 덕양구
1805,조조칼국수,한식,경상북도 경주시 북군동
1806,VINUM776,이탈리아음식,경기도 하남시 신장동
1807,심야식당,일식당,제주특별자치도 서귀포시 강정동
1808,이타주의,요리주점,서울특별시 광진구 자양동
1809,육시리 남양주별내점,돼지고기구이,경기도 남양주시 별내동
1810,루스트플레이스 노형점,패밀리레스토랑,제주특별자치도 제주시 노형동
1811,털보스협재밀,퓨전음식,제주특별자치도 제주시 한림읍
1812,초밥집,초밥|롤,경기도 수원시 장안구
1813,잇텐고,일본식라면,서울특별시 마포구 합정동
1814,반기다,퓨전음식,서울특별시 종로구 익선동
1815,마루돈까스,돈가스,서울특별시 마포구 서교동
1816,카페빈카,카페|디저트,경상북도 경주시 북군동
1817,공석2020,이탈리아음식,경상북도 울진군 울진읍
1818,프라이팬1046,양식,경기도 파주시 야당동
1819,파스토보이 의정부점,이탈리아음식,경기도 의정부시 신곡동
1820,밀라노기사식당,스파게티|파스타전문,서울특별시 은평구 증산동
1821,EXPER,퓨전음식,서울특별시 강서구 마곡동
1822,6F 카페,카페|디저트,부산광역시 사하구 괴정동
1823,cafe.slowly,카페|디저트,강원도 춘천시 후평동
1824,연남별관,퓨전음식,서울특별시 마포구 연남동
1825,서귀정,한식,제주특별자치도 서귀포시 법환동
1826,비스트로도마,양식,경기도 성남시 분당구
1827,본스테이크,이탈리아음식,경기도 하남시 풍산동
1828,엉클스보라카이 매탄점,맥주|호프,경기도 수원시 영통구
1829,곱창신화,곱창|막창|양,인천광역시 연수구 송도동
1830,이층양옥,프랑스음식,서울특별시 종로구 익선동
1831,몽땅,돈가스,제주특별자치도 제주시 한경면
1832,카멜로연남,양식,서울특별시 마포구 연남동
1833,강강술래 상계점,육류|고기요리,서울특별시 노원구 상계동
1834,전준수명품청기와감자탕 쑥고개점,감자탕,서울특별시 관악구 신림동
1835,카페목간,카페,충청북도 청주시 상당구
1836,다시만나요,카페|디저트,울산광역시 남구 신정동
1837,브로콜리,양식,강원도 강릉시 사천면
1838,픽스커피 공단점,차|커피,제주특별자치도 제주시 화북이동
1839,한암동,곰탕|설렁탕,서울특별시 중구 정동
1840,더백테라스,햄버거,서울특별시 용산구 한강로2가
1841,포크웨이즈,양식,경기도 김포시 고촌읍
1842,카페빈틈,카페|디저트,경기도 고양시 일산동구
1843,머문,카페|디저트,제주특별자치도 제주시 구좌읍
1844,호화,돈가스,제주특별자치도 서귀포시 남원읍
1845,카페더메뉴얼,카페|디저트,서울특별시 중랑구 묵동
1846,웨이브온 커피,카페|디저트,부산광역시 기장군 장안읍
1847,자매보리밥,보리밥,부산광역시 영도구 봉래동1가
1848,안내소앞 카페 제비,테마카페,전라북도 남원시 인월면
1849,카페 비주비주,카페|디저트,제주특별자치도 제주시 한림읍
1850,진어참치,생선회,서울특별시 마포구 연남동
1851,곱돌이석동점,곱창|막창|양,경상남도 창원시 진해구
1852,을지다락,양식,서울특별시 중구 초동
1853,컴투레스트,카페|디저트,서울특별시 동대문구 회기동
1854,엄가네 매운짬뽕,중식당,세종특별자치시 도담동 667
1855,더플레이스 합정역점,이탈리아음식,서울특별시 마포구 합정동
1856,카페마니,카페,제주특별자치도 제주시 구좌읍
1857,트리플 투,브런치,경기도 오산시 수청동
1858,중리가마솥국밥과주물럭,국밥,경상북도 칠곡군 석적읍
1859,워크인,양식,대구광역시 달서구 감삼동
1860,청호식당,한식,제주특별자치도 서귀포시 성산읍
1861,로컬커피,카페,충청남도 공주시 교동
1862,피쉬맨횟집,생선회,강원도 강릉시 강문동
1863,카페스톤,카페|디저트,경상북도 군위군 부계면
1864,소신이쏘,육류|고기요리,서울특별시 서대문구 창천동
1865,크레이지카츠,돈가스,서울특별시 마포구 합정동
1866,권스시,초밥|롤,경상남도 창원시 마산합포구
1867,라마앤바바나 수성점,인도음식,대구광역시 수성구 두산동
1868,회향,생선회,강원도 춘천시 효자동
1869,주왕산삼계탕본점,백숙|삼계탕,대구광역시 달서구 이곡동
1870,하키-하키,이자카야,인천광역시 중구 운서동
1871,홍곱창 신촌점,곱창|막창|양,서울특별시 서대문구 창천동
1872,루흐,이탈리아음식,부산광역시 중구 광복동1가
1873,봉개포크정육식당,정육식당,제주특별자치도 제주시 봉개동
1874,강릉염전조개구이,조개요리,강원도 강릉시 포남동
1875,월가,일식당,서울특별시 강동구 천호동
1876,우미노미,일식당,서울특별시 영등포구 당산동4가
1877,7번가피자 광교신도시점,피자,경기도 수원시 영통구
1878,카페버터풀,카페|디저트,충청북도 충주시 교현동
1879,멘야아마노가와,일본식라면,경상남도 창원시 성산구
1880,햇살힐링식당,일식당,서울특별시 도봉구 방학동
1881,수구레해장국,해장국,강원도 정선군 북평면
1882,지중해참치,일식당,제주특별자치도 제주시 노형동
1883,우도향,해물|생선요리,제주특별자치도 제주시 우도면
1884,경양카츠 상수점,양식,서울특별시 마포구 상수동
1885,상상과자점,베이커리,서울특별시 노원구 공릉동
1886,김해본가뒷고기신평점,육류|고기요리,경상북도 구미시 신평동
1887,스위트로빈,카페,경기도 동두천시 보산동
1888,고블린 피자,피자,서울특별시 종로구 부암동
1889,이멜다분식,양식,서울특별시 중구 산림동
1890,참터식당,백반|가정식,서울특별시 송파구 가락동
1891,조갈시대,한식,경기도 광명시 소하동
1892,연가,돼지고기구이,서울특별시 동작구 노량진동
1893,맘맘테이블 건대점,베트남음식,서울특별시 광진구 화양동
1894,봉주르하와이,퓨전음식,경기도 수원시 영통구
1895,오연어,이자카야,부산광역시 연제구 연산동
1896,온실리움,카페|디저트,울산광역시 울주군 상북면
1897,ebt,이탈리아음식,서울특별시 강남구 신사동
1898,7930 손님식탁,양식,대전광역시 중구 오류동
1899,벌교꼬막포차,한식,서울특별시 중랑구 상봉2동
1900,아워팜,카페,경기도 성남시 중원구
1901,리가든 두정점,돼지고기구이,충청남도 천안시 서북구
1902,파파야리프,아시아음식,서울특별시 강남구 역삼동
1903,애나의숲 브런치카페,브런치,제주특별자치도 서귀포시 서귀동
1904,성산보말죽칼국수 성산점,한식,제주특별자치도 서귀포시 성산읍
1905,스팟비,샌드위치,제주특별자치도 서귀포시 성산읍
1906,다니엘스키친 흑돈,돈가스,서울특별시 관악구 신림동
1907,상춘재,해물|생선요리,제주특별자치도 제주시 조천읍
1908,또바기,백반|가정식,전라북도 남원시 금동
1909,제임스치즈등갈비,육류|고기요리,서울특별시 중구 을지로6가
1910,거무티티,카페,서울특별시 성동구 행당동
1911,류몽민,닭갈비,서울특별시 강남구 논현동
1912,카페이면,카페,제주특별자치도 제주시 한림읍
1913,작은나폴리,이탈리아음식,서울특별시 서대문구 연희동
1914,초원목오리마을,한식,인천광역시 남동구 논현동
1915,암사고바우감자탕,한식,서울특별시 강동구 암사동
1916,오똔느플레르&amp;브런치카페,브런치,경기도 시흥시 산현동
1917,가든한밤,와인,서울특별시 용산구 갈월동
1918,해방곱창 대전괴정점,곱창|막창|양,대전광역시 서구 괴정동
1919,무월식탁 을지로,한식,서울특별시 중구 을지로1가
1920,카페베이커리 리코,베이커리,경기도 안산시 단원구
1921,을지다락 도산공원,양식,서울특별시 강남구 신사동
1922,마가렛리버,베이커리,서울특별시 마포구 합정동
1923,천안문,중식당,서울특별시 서초구 반포동
1924,세피베이글,베이글,제주특별자치도 제주시 조천읍
1925,화이트캣,양식,서울특별시 동대문구 회기동
1926,온정돈까스,돈가스,서울특별시 관악구 신림동
1927,카페코이,카페|디저트,울산광역시 중구 태화동
1928,꾸오이아노,카페|디저트,부산광역시 부산진구 전포동
1929,경양카츠 군산점,돈가스,전라북도 군산시 수송동
1930,알로하와이,한식,경상남도 남해군 남면
1931,길 세이로무시 연산점,한식,부산광역시 연제구 연산동
1932,지금여기,카페,제주특별자치도 서귀포시 서귀동
1933,택이네조개전골 광교점,조개요리,경기도 수원시 영통구
1934,굿모닝홍콩,아시아음식,부산광역시 부산진구 전포동
1935,플랩잭팬트리 연남점,브런치,서울특별시 마포구 연남동
1936,티모아,카페|디저트,부산광역시 영도구 봉래동2가
1937,옛날부대찌개순대국,찌개|전골,경기도 고양시 일산서구
1938,째즈하우스,브런치,경상남도 거제시 동부면
1939,송림개금밀면,한식,부산광역시 사상구 엄궁동
1940,라발스 스카이 카페&amp;바 부산 라발스호텔점,카페,부산광역시 영도구 봉래동1가
1941,육전면사무소 선유도역점,요리주점,서울특별시 영등포구 양평동4가
1942,곱창애막창가,곱창|막창|양,경기도 의정부시 민락동
1943,삼미네벌교꼬막집,한식,경기도 안산시 상록구
1944,고은당,카페|디저트,충청북도 청주시 상당구
1945,어부린,생선회,경기도 안양시 만안구
1946,cafe1441hz,카페,강원도 강릉시 연곡면
1947,모던무드 카페,카페|디저트,경기도 부천시 심곡본동
1948,게방식당,한식,서울특별시 강남구 논현동
1949,퇴촌전골집,한식,경기도 광주시 퇴촌면
1950,한소반청계산점,한식,서울특별시 서초구 신원동
1951,카페호시정,카페|디저트,광주광역시 동구 동명동
1952,미진메밀마을,한식,경기도 양평군 서종면
1953,샘밭촌놈,돼지고기구이,강원도 춘천시 동내면
1954,아리수만찬,한식,서울특별시 영등포구 양화동
1955,더자반 본점,생선구이,전라남도 영암군 삼호읍
1956,포근카페,카페|디저트,경기도 안양시 동안구
1957,카페수석동198,카페|디저트,경기도 남양주시 수석동
1958,서작가초밥집,초밥|롤,제주특별자치도 서귀포시 서귀동
1959,매화쌈밥 오산점,쌈밥,경기도 오산시 세교동
1960,연달,카페|디저트,충청남도 천안시 동남구
1961,소돌이한우소곱창,곱창|막창|양,경기도 의정부시 호원동
1962,1인1잔,카페|디저트,서울특별시 은평구 진관동
1963,라밥 숙대점,종합분식,서울특별시 용산구 갈월동
1964,금돼지식당,돼지고기구이,서울특별시 중구 신당동
1965,그랜빌커피,카페|디저트,경상남도 창원시 성산구
1966,보슬보슬,종합분식,서울특별시 강남구 역삼동
1967,파인힐다이닝하우스,양식,경기도 동두천시 안흥동
1968,라라면가,중식당,서울특별시 성북구 동선동2가
1969,바다는안보여요,카페|디저트,제주특별자치도 제주시 구좌읍
1970,알바트로스커피로스터스,카페,경기도 여주시 능서면
1971,명천마루,카페|디저트,전라북도 무주군 안성면
1972,다기,카페|디저트,부산광역시 수영구 남천동
1973,라이프버거,햄버거,부산광역시 중구 중앙동2가
1974,미월,요리주점,서울특별시 송파구 잠실동
1975,카페나라,카페,경기도 파주시 서패동
1976,잇뽕사계,한식,제주특별자치도 서귀포시 안덕면
1977,원 복집,일식당,경기도 성남시 분당구
1978,한우다이닝 울릉,소고기구이,서울특별시 서초구 서초동
1979,착한아구찜,아귀찜|해물찜,충청남도 당진시 읍내동
1980,단고당,카페|디저트,서울특별시 은평구 대조동
1981,박가네횟집,생선회,강원도 동해시 천곡동
1982,소롯길,카페,강원도 원주시 신림면
1983,고기굽는베베,돼지고기구이,서울특별시 도봉구 방학동
1984,슬로우그로스,카페|디저트,서울특별시 송파구 송파동
1985,티아이티에프,베이커리,대구광역시 동구 용수동
1986,하영호신촌설렁탕,곰탕|설렁탕,서울특별시 강남구 도곡동
1987,페어,카페,서울특별시 마포구 서교동
1988,둥굴림만두,칼국수|만두,경기도 화성시 오산동
1989,원카츠 하단점,돈가스,부산광역시 사하구 하단동
1990,글린정원 동탄점,카페|디저트,경기도 화성시 반송동
1991,대영유통,게요리,강원도 강릉시 주문진읍
1992,신센,일식당,부산광역시 수영구 남천동
1993,지금이곳,카페|디저트,인천광역시 중구 운남동
1994,르몽탁,양식,대전광역시 유성구 죽동
1995,터틀크루,이탈리아음식,경기도 용인시 기흥구
1996,빵다방,카페|디저트,경기도 고양시 덕양구
1997,카페 비더원,카페|디저트,서울특별시 종로구 효제동
1998,흰다정,카페|디저트,강원도 속초시 동명동
1999,카페외갓집,카페,경상남도 거창군 마리면
2000,이모가있는집 본점,찌개|전골,서울특별시 강남구 논현동
2001,일번지횟집,생선회,경상남도 창원시 마산합포구
2002,산내들,한식,충청남도 천안시 서북구
2003,서광식당,브런치,경기도 양주시 장흥면
2004,정돈 강남점,돈가스,서울특별시 강남구 역삼동
2005,대박집,전|빈대떡,강원도 정선군 정선읍
2006,피콜로,스파게티|파스타전문,전라북도 전주시 완산구
2007,윈도우로맨스,카페|디저트,대전광역시 중구 문화동
2008,존맛식당,한식,제주특별자치도 제주시 조천읍
2009,아가사식당,양식,강원도 춘천시 죽림동
2010,라오삐약,아시아음식,서울특별시 마포구 망원동
2011,그루브,카페,제주특별자치도 제주시 한림읍
2012,강릉엄지네꼬막집 발산점,조개요리,서울특별시 강서구 등촌동
2013,연북로 명태명가 삼화점,한식,제주특별자치도 제주시 도련일동
2014,방태막국수 영종마시란점,막국수,인천광역시 중구 덕교동
2015,미스터빠삭 광명역점,미스터빠삭,경기도 광명시 일직동
2016,금화통닭,치킨|닭강정,서울특별시 양천구 신월동
2017,칠봉이짬뽕,중식당,광주광역시 광산구 신가동
2018,해올,한식,경기도 성남시 분당구
2019,칠돈가 표선직영점,돼지고기구이,제주특별자치도 서귀포시 표선면
2020,GHGM 카페,카페|디저트,경기도 용인시 수지구
2021,돈대표,돼지고기구이,제주특별자치도 제주시 조천읍
2022,부엌우동집,우동|소바,부산광역시 기장군 기장읍
2023,서촌스코프,카페|디저트,서울특별시 종로구 누하동
2024,이웃집스시,초밥|롤,경상북도 포항시 남구
2025,진진,중식당,서울특별시 마포구 서교동
2026,에그슬럿 코엑스점,샌드위치,서울특별시 강남구 삼성동
2027,더참김밥전문점 영도점,종합분식,부산광역시 영도구 대교동2가
2028,오제제,일식당,서울특별시 용산구 동자동
2029,대동산삼삼계탕,백숙|삼계탕,대구광역시 서구 비산동
2030,화로품은갈비,돼지고기구이,인천광역시 미추홀구 관교동
2031,호시노 식당,일식당,서울특별시 중구 신당동
2032,카페살레,카페|디저트,제주특별자치도 제주시 우도면
2033,대한해물 운서점,아귀찜|해물찜,인천광역시 중구 운서동
2034,뽀르게따 코엑스몰점,이탈리아음식,서울특별시 강남구 삼성동
2035,송미생아구찜,아귀찜|해물찜,부산광역시 서구 암남동
2036,제레미버거,햄버거,서울특별시 영등포구 양평동4가
2037,사람사는고깃집김일도 사람사는 고깃집 김일도 언주점,육류|고기요리,서울특별시 강남구 논현동
2038,김가방양꼬치,양꼬치,경기도 고양시 일산동구
2039,순수카츠,돈가스,서울특별시 영등포구 당산동3가
2040,계탄집 본점,닭갈비,서울특별시 광진구 자양동
2041,에바돈가츠 양산가천점,돈가스,경상남도 양산시 물금읍
2042,오산상회,카페|디저트,전라북도 군산시 중동
2043,원조나포순대,순대|순댓국,전라북도 군산시 나운2동
2044,대가원,한식,서울특별시 강서구 마곡동
2045,진남횟집 돌산본점,해물|생선요리,전라남도 여수시 돌산읍
2046,따식 갈비&amp;파스타,스파게티|파스타전문,서울특별시 마포구 망원동
2047,멘야고코로,일본식라면,경기도 수원시 영통구
2048,카페 리앤,카페|디저트,경기도 화성시 오산동
2049,토도로끼,일식당,서울특별시 송파구 신천동
2050,경양카츠 익산점,돈가스,전라북도 익산시 영등동
2051,크로키,양식,서울특별시 서대문구 연희동
2052,카페시나브로,카페,경기도 양평군 개군면
2053,산수정 능이버섯백숙,한식,충청북도 음성군 맹동면
2054,우리가고기먹는날,한식,경기도 의정부시 호원동
2055,카페 아를,베이커리,경기도 의정부시 장암동
2056,센츄리플랜트 힐,카페,대구광역시 달서구 대천동
2057,아야아야,카페|디저트,제주특별자치도 제주시 애월읍
2058,째미핑거,카페|디저트,대구광역시 동구 용수동
2059,랭고스버거,햄버거,충청북도 청주시 상당구
2060,라비린스,카페|디저트,충청북도 청주시 상당구
2061,플레이스 지안,카페|디저트,경기도 양주시 백석읍
2062,오드커피LAB,카페|디저트,경상남도 진주시 초전동
2063,원이네소곱창,곱창|막창|양,경기도 의왕시 삼동
2064,수락정,일식당,경기도 의정부시 장암동
2065,맛있는고기에솜씨를더하다,한식,부산광역시 사상구 주례동
2066,금성우동,우동|소바,제주특별자치도 제주시 애월읍
2067,미친부엌,이자카야,제주특별자치도 제주시 삼도이동
2068,미도인 의정부,양식,경기도 의정부시 의정부동
2069,천계닭갈비,닭갈비,경기도 가평군 가평읍
2070,요시다야,일식당,충청북도 청주시 상당구
2071,마녀주방 강남점,이탈리아음식,서울특별시 강남구 역삼동
2072,호호아뜰리에,베이커리,경기도 양평군 양평읍
2073,카페어필,카페,경기도 안양시 동안구
2074,도담도담,한식,경상남도 거제시 아주동
2075,짬뽕깡패꼬짬,중식당,경기도 수원시 영통구
2076,동피랑생선구이,해물|생선요리,경상남도 통영시 동호동
2077,원산면옥,냉면,충청남도 논산시 은진면
2078,설레다과자점,베이커리,강원도 속초시 조양동
2079,핵밥 용인역북점,덮밥,경기도 용인시 처인구
2080,콩남울교실해운분점,국밥,경상남도 창원시 마산합포구
2081,도화곱창,곱창|막창|양,서울특별시 마포구 도화동
2082,잇츠어반 탄방점,테이크아웃커피,대전광역시 서구 탄방동
2083,오늘우리,카페|디저트,대전광역시 서구 가장동
2084,부엌이야기,이탈리아음식,대구광역시 달서구 상인동
2085,8월잇츠어거스트,카페|디저트,서울특별시 성동구 금호동4가
2086,동방미식,중식당,서울특별시 강남구 역삼동
2087,영광정 메밀국수,막국수,강원도 양양군 강현면
2088,청주한우,소고기구이,충청북도 청주시 청원구
2089,국보만두,찌개|전골,경기도 안산시 단원구
2090,Jk캐나다바닷가재,바닷가재요리,대구광역시 수성구 만촌동
2091,요리미치,일식당,경상남도 양산시 물금읍
2092,초안마루,소고기구이,강원도 춘천시 후평동
2093,모이세해장국 노형점,해장국,제주특별자치도 제주시 노형동
2094,긴류오사카 종로직영점,초밥|롤,대구광역시 중구 종로1가
2095,카페 울라,카페|디저트,경상북도 울릉군 북면
2096,포레스트아웃팅스,카페|디저트,경기도 고양시 일산동구
2097,환이네 이태리식당,이탈리아음식,제주특별자치도 서귀포시 안덕면
2098,강완옥당진아구동태찜탕 봉천현대시장점,아귀찜|해물찜,서울특별시 관악구 봉천동
2099,최고당돈가스 용인동백점,돈가스,경기도 용인시 기흥구
2100,초밥정식당,초밥|롤,경상남도 양산시 물금읍
2101,미화식당본점,한식,경기도 화성시 정남면
2102,영동족발3호점,족발|보쌈,서울특별시 서초구 양재동
2103,쿠시마사 판교점,일식당,경기도 성남시 분당구
2104,함덕해물라면오빠네,종합분식,제주특별자치도 제주시 조천읍
2105,항아리쭈꾸미,주꾸미요리,경기도 용인시 처인구
2106,파스타빌라,양식,부산광역시 부산진구 전포동
2107,소반,한식,서울특별시 마포구 서교동
2108,중화일상,중식당,서울특별시 송파구 송파동
2109,장모님뚝배기,해물|생선요리,제주특별자치도 서귀포시 표선면
2110,은주닭갈비,닭갈비,경기도 가평군 가평읍
2111,마시안제빵소,베이커리,인천광역시 중구 덕교동
2112,어라운드자양,이탈리아음식,서울특별시 광진구 자양동
2113,팟타이만,양식,제주특별자치도 제주시 구좌읍
2114,삼육오족발 아주점,족발|보쌈,경상남도 거제시 아주동
2115,청주돈까스,돈가스,충청북도 청주시 상당구
2116,마노커피하우스,카페|디저트,제주특별자치도 서귀포시 중문동
2117,고이정 보리볏짚초벌구이,돼지고기구이,제주특별자치도 제주시 애월읍
2118,보미진 콩이랑두부랑,두부요리,경기도 시흥시 대야동
2119,치히로,일식당,전라북도 전주시 완산구
2120,남동공단떡볶이,떡볶이,인천광역시 남동구 논현동
2121,달둥이네식당,해물|생선요리,제주특별자치도 서귀포시 안덕면
2122,소나무돼지국밥,국밥,부산광역시 북구 구포2동
2123,큰솔가흑돼지,돼지고기구이,제주특별자치도 서귀포시 대포동
2124,상무초밥 익산직영점,초밥|롤,전라북도 익산시 영등동
2125,정음 관평점,일식당,대전광역시 유성구 관평동
2126,마쯔리,일식당,충청북도 충주시 칠금동
2127,송정동핫도그,핫도그,부산광역시 해운대구 송정동
2128,다포어부횟집,생선회,경상남도 거제시 고현동
2129,태백막국수,막국수,강원도 태백시 황지동
2130,올드타운한양,카페|디저트,서울특별시 강남구 역삼동
2131,호재해물칼국수,칼국수|만두,경상남도 양산시 물금읍
2132,라미띠에,프랑스음식,서울특별시 강남구 청담동
2133,키에리,케이크전문,서울특별시 용산구 이태원동
2134,국수한끼,국수,인천광역시 연수구 송도동
2135,천상대게 두정점,게요리,충청남도 천안시 서북구
2136,어등포해녀촌,한식,제주특별자치도 제주시 구좌읍
2137,풀문2,카페,충청북도 청주시 청원구
2138,스시 민,초밥|롤,부산광역시 수영구 남천동
2139,한소반쭈꾸미 송파점,주꾸미요리,서울특별시 송파구 송파동
2140,명성막국수석갈비떡갈비,한식,충청북도 단양군 단양읍
2141,트윈트리,테이크아웃커피,경기도 남양주시 수석동
2142,나곡식당,돈가스,경상북도 울진군 북면
2143,카페 브릴리언트,카페|디저트,경기도 하남시 망월동
2144,제주 정직한돈 한림협재점,돼지고기구이,제주특별자치도 제주시 한림읍
2145,수다레스토랑,카페|디저트,대구광역시 동구 용수동
2146,조밀,양식,경상북도 경주시 황남동
2147,거북횟집,생선회,전라남도 강진군 마량면
2148,저스트텐동,일식당,서울특별시 마포구 연남동
2149,알로하오에,이탈리아음식,경기도 양평군 양서면
2150,시안,양식,제주특별자치도 서귀포시 성산읍
2151,오공복이 경성대부경대점,한식,부산광역시 남구 대연동
2152,온유,카페|디저트,대구광역시 달성군 다사읍
2153,오달매 은평뉴타운점,떡볶이,서울특별시 은평구 진관동
2154,담에랑또,양식,제주특별자치도 서귀포시 서호동
2155,오빠다방 부경대점,테이크아웃커피,부산광역시 남구 대연3동
2156,이랑쌈밥,쌈밥,인천광역시 서구 당하동
2157,예담,한식,제주특별자치도 서귀포시 하예동
2158,라이브와이어커피하우스,카페|디저트,대구광역시 동구 방촌동
2159,달빛부둣가,일식당,제주특별자치도 서귀포시 서귀동
2160,송어의집,생선회,강원도 평창군 평창읍
2161,마부자생삼겹살,돼지고기구이,서울특별시 강서구 마곡동
2162,두산카페,카페,충청북도 단양군 가곡면
2163,주막촌,한식,경기도 양주시 장흥면
2164,원조마늘순대,순대|순댓국,충청북도 단양군 단양읍
2165,시그니엘서울 더 라운지,바(BAR),서울특별시 송파구 신천동
2166,카페토브,카페|디저트,경기도 안양시 동안구
2167,비건카페 패밀리앤프렌즈,카페|디저트,서울특별시 성북구 삼선동2가
2168,어쩌다와인,와인,서울특별시 마포구 서교동
2169,두가시의부엌,한식,제주특별자치도 서귀포시 강정동
2170,돈블랙,돼지고기구이,제주특별자치도 서귀포시 서귀동
2171,그린홀리데이키친,스파게티|파스타전문,인천광역시 강화군 길상면
2172,마루 송도트리플스트리트점,일식당,인천광역시 연수구 송도동
2173,치즈,스파게티|파스타전문,대구광역시 달서구 신당동
2174,중앙동할매닭발,닭발,경상북도 포항시 북구
2175,넉아웃,카페|디저트,부산광역시 부산진구 부전동
2176,우도로93,우동|소바,제주특별자치도 제주시 우도면
2177,사랑방,조개요리,부산광역시 영도구 동삼동
2178,편백마을,한식,서울특별시 강동구 성내동
2179,소소한행복,카페|디저트,경상북도 청송군 진보면
2180,청춘횟집,생선회,전라남도 나주시 빛가람동
2181,박쏘가리,한식,충청북도 단양군 단양읍
2182,라페름 청담점,브런치,서울특별시 강남구 논현동
2183,고즈넉,한식,경상북도 포항시 북구
2184,천마루,중식당,전라북도 무주군 안성면
2185,쌔미쌔미,샌드위치,경기도 김포시 장기동
2186,러스틱스모크하우스,양식,경기도 용인시 처인구
2187,비올레타,카페|디저트,서울특별시 성동구 금호동1가
2188,동명닭집,닭요리,경기도 안산시 단원구
2189,오목집 광화문점,족발|보쌈,서울특별시 종로구 공평동
2190,마린카페,카페,경상남도 창원시 마산합포구
2191,다운타우너 잠실,햄버거,서울특별시 송파구 송파동
2192,고금삼계탕,백숙|삼계탕,제주특별자치도 서귀포시 표선면
2193,해족왕,족발|보쌈,충청남도 천안시 서북구
2194,오퐁드부아,베이커리,대구광역시 달성군 가창면
2195,부산횟집,생선회,경상남도 남해군 서면
2196,구회말 투아웃 소곱창,곱창|막창|양,서울특별시 송파구 잠실동
2197,김치드림,한식,서울특별시 마포구 도화동
2198,포지티브즈통영,카페|디저트,경상남도 통영시 동호동
2199,대안카페 잇다,카페|디저트,충청남도 공주시 중동
2200,브이오오오피커피 건대점,카페|디저트,서울특별시 광진구 자양동
2201,편,소고기구이,서울특별시 도봉구 도봉동
2202,협재밥집술집홍대부부,요리주점,제주특별자치도 제주시 한림읍
2203,꼬막불짬뽕,중식당,충청남도 아산시 초사동
2204,로야토야,일식당,서울특별시 마포구 연남동
2205,하기당,이자카야,서울특별시 은평구 갈현동
2206,밀도 청담점,밀도,서울특별시 강남구 청담동
2207,옛날할머니순두부,두부요리,강원도 속초시 노학동
2208,양평동장군집 부산본점,돼지고기구이,부산광역시 연제구 거제동
2209,카페 노티드 안국,카페|디저트,서울특별시 종로구 재동
2210,어니언 안국,카페|디저트,서울특별시 종로구 계동
2211,김영건 참치,생선회,경기도 의정부시 민락동
2212,텃밭시래기 양천향교직영점,국밥,서울특별시 강서구 등촌동
2213,뼈큰청진동해장국 창원점,한식,경상남도 창원시 성산구
2214,따듯해,스파게티|파스타전문,경기도 김포시 장기동
2215,대광횟집,생선회,서울특별시 동대문구 답십리동
2216,연스시,일식당,서울특별시 광진구 구의동
2217,갓잇 연남점,멕시코|남미음식,서울특별시 마포구 연남동
2218,김삿갓숯불구이,돼지고기구이,경기도 성남시 분당구
2219,위미장가네닭곰탕,곰탕|설렁탕,제주특별자치도 서귀포시 남원읍
2220,더전복,전복요리,제주특별자치도 제주시 도두일동
2221,형제카츠,돈가스,제주특별자치도 제주시 아라1동
2222,뜬,카페|디저트,경상남도 함안군 법수면
2223,릴로,카페|디저트,제주특별자치도 제주시 구좌읍
2224,또다른자아,와인,서울특별시 마포구 연남동
2225,월성소주코너,요리주점,전라남도 여수시 문수동
2226,더플레이트디저트,카페,서울특별시 강남구 논현동
2227,오사카멘치,돈가스,울산광역시 남구 달동
2228,보태닉마켓,다이어트|샐러드,서울특별시 서초구 방배동
2229,연화반점,중식당,경상북도 경산시 대동
2230,솔길따라,카페|디저트,강원도 춘천시 동면
2231,돈사촌 노형점,돼지고기구이,제주특별자치도 제주시 노형동
2232,비스트로 이안,이탈리아음식,부산광역시 사하구 괴정동
2233,바다횟집,생선회,강원도 양양군 강현면
2234,로프카페,카페|디저트,경상북도 포항시 북구
2235,훈남횟집,생선회,제주특별자치도 제주시 조천읍
2236,쿠킹스테어,브런치,울산광역시 북구 신천동
2237,핏제리아도우 by ppk,이탈리아음식,경기도 수원시 영통구
2238,글라글라하와이,양식,제주특별자치도 서귀포시 대정읍
2239,어바웃타임카페,카페|디저트,경상북도 포항시 남구
2240,서리풀식당,족발|보쌈,서울특별시 서초구 서초동
2241,셀러,스파게티|파스타전문,서울특별시 강남구 역삼동
2242,생생대게회직판장,대게요리,강원도 속초시 금호동
2243,향나무촌,오리요리,인천광역시 연수구 연수2동
2244,수변최고돼지국밥,국밥,부산광역시 수영구 민락동
2245,햇살머믄꼬마김밥,종합분식,충청북도 청주시 상당구
2246,명물 춘천 닭갈비,닭갈비,충청남도 당진시 신평면
2247,미리로,카페|디저트,제주특별자치도 제주시 이호1동
2248,도화,요리주점,부산광역시 사상구 괘법동
2249,153도씨,카페|디저트,서울특별시 강서구 마곡동
2250,잇츠돈,돈가스,세종특별자치시 새롬동 341-74
2251,등대샤브샤브칼국수,칼국수|만두,강원도 속초시 동명동
2252,448돈까스,돈가스,경기도 광명시 철산동
2253,키아이,일식당,강원도 춘천시 죽림동
2254,그릴 메이트,한식,서울특별시 강북구 수유동
2255,오페뜨 건대점,카페|디저트,서울특별시 광진구 화양동
2256,미도인 종로,양식,서울특별시 종로구 종로2가
2257,토속촌,백숙|삼계탕,서울특별시 종로구 체부동
2258,볼라바치오,카페|디저트,부산광역시 해운대구 우동
2259,노반타,스파게티|파스타전문,인천광역시 남동구 구월동
2260,백년갈비 달성점,육류|고기요리,대구광역시 달성군 논공읍
2261,커피박스,카페,인천광역시 남동구 만수동
2262,나루멘 마전점,일식당,인천광역시 서구 마전동
2263,어선 일식,일식당,경기도 성남시 분당구
2264,브라운핸즈 도곡점,카페|디저트,서울특별시 강남구 도곡2동
2265,폼포코식당,요리주점,제주특별자치도 서귀포시 성산읍
2266,엘아르카 퀴에스,카페|디저트,대구광역시 달성군 유가읍
2267,스파게티웨스턴,양식,충청남도 천안시 서북구
2268,바나나문,베이커리,서울특별시 강동구 성내동
2269,대동면옥,냉면,강원도 강릉시 주문진읍
2270,n52,베이커리,경기도 성남시 분당구
2271,비치마차,요리주점,부산광역시 수영구 민락동
2272,모찌의하루,카페|디저트,경상북도 경주시 사정동
2273,사리원 냉면&amp;손칼국수,냉면,인천광역시 연수구 연수동
2274,닭갈비봉천막국수,닭갈비,강원도 원주시 봉산동
2275,데레사김밥,종합분식,대구광역시 중구 대봉동
2276,탄탄곱창,곱창|막창|양,부산광역시 해운대구 송정동
2277,옐로우버터드림,카페|디저트,서울특별시 관악구 봉천동
2278,다미국수,국수,부산광역시 연제구 연산동
2279,국수만찬,국수,제주특별자치도 제주시 연동
2280,마라도회식당,생선회,경상북도 포항시 북구
2281,다반사,카페|디저트,전라남도 순천시 승주읍
2282,소소제과,카페|디저트,강원도 강릉시 교동
2283,오토리스시,초밥|롤,경상남도 김해시 봉황동
2284,dp159,카페|디저트,제주특별자치도 서귀포시 대포동
2285,24시국수회관,국수,제주특별자치도 제주시 삼도1동
2286,그레이그라운드,카페|디저트,울산광역시 남구 달동
2287,어느멋진날,카페|디저트,전라남도 여수시 소라면
2288,동해횟집,생선회,경기도 용인시 처인구
2289,뜻밖의발견,카페|디저트,제주특별자치도 서귀포시 강정동
2290,트레이,브런치,서울특별시 마포구 성산동
2291,막내제수씨,한식,강원도 영월군 영월읍
2292,로코하와이,퓨전음식,경기도 의정부시 의정부동
2293,전복한상,해물|생선요리,서울특별시 노원구 하계동
2294,수하담,카페,경기도 성남시 분당구
2295,아차산매운떡볶이,떡볶이,서울특별시 성북구 동선동1가
2296,토템오어,차,제주특별자치도 제주시 한경면
2297,표선수제돈까스,돈가스,제주특별자치도 서귀포시 표선면
2298,카페모들,카페|디저트,제주특별자치도 제주시 애월읍
2299,오팔공,조개요리,전라남도 여수시 종화동
2300,팔각동,중식당,서울특별시 송파구 방이동
2301,후꾸스시,초밥|롤,대구광역시 수성구 지산동
2302,카페오하이,카페,경상북도 경주시 황남동
2303,아빠불고기,한식,경기도 안성시 아양동
2304,그린기사,기사식당,제주특별자치도 제주시 연동
2305,백미초밥,초밥|롤,인천광역시 연수구 연수동
2306,희양양 연동점,양꼬치,제주특별자치도 제주시 연동
2307,핑크핑크해,카페|디저트,전라남도 목포시 옥암동
2308,아우어베이커리 세종나성점,베이커리,세종특별자치시 나성동 206
2309,카페레토리카,카페|디저트,경기도 오산시 오산동
2310,카페림이티드,카페|디저트,서울특별시 서초구 방배동
2311,열정떡볶이 홍대본점,종합분식,서울특별시 마포구 서교동
2312,청평K 숯불닭갈비막국수,닭갈비,경기도 가평군 조종면
2313,달그릇 공방,브런치,경상북도 구미시 봉곡동
2314,옥토버21,베이커리,경상북도 영덕군 영덕읍
2315,아키야마,이자카야,서울특별시 성동구 성수2가3동
2316,금능식당,해물|생선요리,제주특별자치도 제주시 한림읍
2317,박승광해물손칼국수,칼국수|만두,경기도 수원시 장안구
2318,게섯거라,게요리,강원도 고성군 토성면
2319,오드랑베이커리,베이커리,제주특별자치도 제주시 조천읍
2320,매드독스,피자,부산광역시 수영구 민락동
2321,너의냠냠버거,햄버거,서울특별시 성북구 성북동1가
2322,초밥집 삼초,초밥|롤,경기도 광명시 소하동
2323,가장맛있는곱창 부추곱창,곱창|막창|양,서울특별시 서대문구 창천동
2324,편대장영화식당 롯데백화점 상인점,육류|고기요리,대구광역시 달서구 상인동
2325,까망감,카페|디저트,전라남도 담양군 용면
2326,월포백번횟집,생선회,경상북도 포항시 북구
2327,코나하우스,카페,경상남도 남해군 남면
2328,화덕피자앤떡볶이,피자,서울특별시 중구 명동2가
2329,하쿠마이텐동,일식당,서울특별시 은평구 갈현동
2330,키치니토 키친,브런치,부산광역시 해운대구 송정동
2331,딤딤섬 신세계백화점 센텀시티점,딤섬|중식만두,부산광역시 해운대구 우동
2332,마스터스시,일식당,경상남도 통영시 광도면
2333,40days,양식,서울특별시 강남구 신사동
2334,하야미,한식,충청남도 당진시 신평면
2335,고베화로,소고기구이,경기도 화성시 반송동
2336,마당집,한식,제주특별자치도 제주시 한림읍
2337,타도삼겹 금호점,돼지고기구이,서울특별시 성동구 금호동4가
2338,마라도해물탕&amp;찜  수원인계동직영점,매운탕|해물탕,경기도 수원시 팔달구
2339,이월로스터스 마석점,카페|디저트,경기도 남양주시 화도읍
2340,카츠탄탄,돈가스,경상남도 양산시 물금읍
2341,수용성,카페,경기도 용인시 기흥구
2342,덕남,카페|디저트,경상북도 청도군 화양읍
2343,풍천숯불민물장어,장어|먹장어요리,경상북도 포항시 북구
2344,원담,생선회,제주특별자치도 제주시 이도일동
2345,은이네커피,카페|디저트,서울특별시 강동구 천호동
2346,어느덧 봄,카페|디저트,경기도 광주시 쌍령동
2347,슬로우터틀 동성로점,카페|디저트,대구광역시 중구 봉산동
2348,초가헌,카페|디저트,제주특별자치도 서귀포시 표선면
2349,케이크 러버스,카페|디저트,인천광역시 중구 인현동
2350,벽오동,한식,전라남도 순천시 덕월동
2351,그린바스켓 일산점,브런치,경기도 고양시 일산서구
2352,형아네,초밥|롤,경기도 부천시 상동
2353,카페 모카힐,카페|디저트,전라남도 여수시 고소동
2354,식목일,카페|디저트,경상남도 함안군 함안면
2355,매화마름,카페,인천광역시 강화군 길상면
2356,달링하버 디저트 카페,카페|디저트,강원도 원주시 무실동
2357,조가네갑오징어 청계산점,오징어요리,경기도 성남시 수정구
2358,용마커피,카페,서울특별시 관악구 봉천동
2359,달달공작소,카페|디저트,경기도 안성시 금산동
2360,티테라피,카페,서울특별시 종로구 안국동
2361,소문난막창,곱창|막창|양,대구광역시 동구 지저동
2362,스텔 베이커리앤브런치,베이커리,제주특별자치도 서귀포시 대정읍
2363,소호스시,초밥|롤,경상남도 진주시 가좌동
2364,충남식당,해물|생선요리,제주특별자치도 서귀포시 성산읍
2365,아름다운한강,한식,서울특별시 송파구 가락동
2366,문문선,브런치,제주특별자치도 제주시 이도2동
2367,삼백돈돈가츠 울산 남구점,돈가스,울산광역시 남구 달동
2368,Ginos NY Pizza,피자,서울특별시 용산구 이태원동
2369,옹근달,카페|디저트,서울특별시 성동구 성수동2가
2370,마천흑돼지,돼지고기구이,경상남도 진주시 초전동
2371,하루와규 동탄직영점,소고기구이,경기도 화성시 반송동
2372,텐동요츠야,일식당,서울특별시 관악구 봉천동
2373,C72 PASTA,스파게티|파스타전문,경기도 부천시 상동
2374,베로키오 커피,카페,경기도 고양시 덕양구
2375,도쿄화로,이자카야,서울특별시 강서구 화곡동
2376,해변수산,생선회,경기도 고양시 일산동구
2377,보롬왓 카페,카페,제주특별자치도 서귀포시 표선면
2378,야끼소바 니주마루,일식당,서울특별시 송파구 송파동
2379,봄의정원,와인,서울특별시 성동구 성수동1가
2380,브런치포유,이탈리아음식,전라남도 여수시 수정동
2381,롤링파스타 대전은행점,이탈리아음식,대전광역시 중구 은행동
2382,광안전골,곱창|막창|양,부산광역시 수영구 광안동
2383,식구,일식당,서울특별시 은평구 대조동
2384,봄앤봄,스파게티|파스타전문,충청남도 천안시 서북구
2385,그때그집,한식,전라남도 여수시 교동
2386,그믐족발 성수점,족발|보쌈,서울특별시 성동구 성수동2가
2387,황금포차,포장마차,서울특별시 강서구 방화동
2388,당고집,카페|디저트,경기도 고양시 일산동구
2389,메밀능이촌,막국수,강원도 강릉시 교동
2390,망원동돼지국밥,국밥,서울특별시 마포구 망원1동
2391,멘지,일본식라면,서울특별시 마포구 망원동
2392,미가생고기,한식,대구광역시 수성구 수성동4가
2393,하기,이자카야,대구광역시 중구 대봉동
2394,연월,돈가스,제주특별자치도 제주시 애월읍
2395,흥부네화덕,피자,부산광역시 강서구 명지동
2396,정선부뚜막,한식,서울특별시 성동구 성수동1가
2397,더 바삭돈까스,돈가스,대전광역시 유성구 지족동
2398,브런치카페 꼬망세,브런치,경상북도 포항시 남구
2399,카페서박,라이브카페,충청남도 천안시 서북구
2400,포가,중식당,서울특별시 마포구 연남동
2401,팔도건어물,건어물,강원도 속초시 동명동
2402,칼초네화덕피자,피자,제주특별자치도 서귀포시 상예동
2403,홍당무떡볶이,떡볶이,제주특별자치도 서귀포시 서귀동
2404,어반도투리,한식,서울특별시 마포구 공덕동
2405,라비알레,스파게티|파스타전문,경기도 수원시 장안구
2406,미담 떡카페,떡|한과,경기도 남양주시 다산동
2407,피그인더가든 여의도점,다이어트|샐러드,서울특별시 영등포구 여의도동
2408,우리핫도그두리토스트,핫도그,충청남도 서산시 동문동
2409,또오고마라탕 상남본점,중식당,경상남도 창원시 성산구
2410,오전열한시,한식,제주특별자치도 서귀포시 상예동
2411,나무식탁,일식당,제주특별자치도 서귀포시 대정읍
2412,나라니,카페|디저트,인천광역시 강화군 길상면
2413,유림보신원,닭요리,서울특별시 강서구 염창동
2414,동춘돌곱창 마산역점,곱창|막창|양,경기도 김포시 마산동
2415,제주미친흑돈 1호점,돼지고기구이,제주특별자치도 제주시 한림읍
2416,연교,딤섬|중식만두,서울특별시 마포구 연남동
2417,오월브런치레스토랑,이탈리아음식,충청북도 청주시 상당구
2418,Hololok,베트남음식,경기도 화성시 송동
2419,카페98,카페,전라북도 전주시 완산구
2420,압구정곱창 2호점,곱창|막창|양,서울특별시 강남구 신사동
2421,밀과보리,백반|가정식,서울특별시 종로구 계동
2422,고미소곱창,곱창|막창|양,서울특별시 동대문구 전농동
2423,뻘하우스,조개요리,서울특별시 중구 흥인동
2424,방풍전복칼국수,칼국수|만두,전라남도 여수시 남면
2425,제뉴어리피크닉,카페|디저트,서울특별시 성북구 성북동1가
2426,유연카레 역삼점,카레,서울특별시 강남구 역삼동
2427,동경하레,이자카야,부산광역시 사하구 하단동
2428,강강술래 시흥점,육류|고기요리,서울특별시 금천구 시흥동
2429,보말이야기,한식,제주특별자치도 제주시 한림읍
2430,온돈부리,일식당,서울특별시 마포구 상암동
2431,카페텐저린,브런치,제주특별자치도 서귀포시 법환동
2432,후쿠야,일식당,경기도 부천시 심곡동
2433,단초밥,초밥|롤,전라북도 군산시 지곡동
2434,낀알로이알로이,태국음식,서울특별시 구로구 구로동
2435,도토리편백집 롯데아울렛고양점,돼지고기구이,경기도 고양시 덕양구
2436,함덕 안녕제주,한식,제주특별자치도 제주시 조천읍
2437,길목식당,중식당,충청남도 태안군 안면읍
2438,그남자 이야기,브런치,제주특별자치도 제주시 조천읍
2439,온천집,샤브샤브,서울특별시 종로구 익선동
2440,마루심 마포점,덮밥,서울특별시 마포구 용강동
2441,매초롬,과일|주스전문점,부산광역시 수영구 광안동
2442,브라운볼,베이커리,경기도 화성시 영천동
2443,덕수수산,생선회,강원도 원주시 무실동
2444,숯총각꼼장어닭발,닭발,서울특별시 관악구 신림동
2445,왕뚜껑삼씨네겹살이송촌점,돼지고기구이,대전광역시 대덕구 송촌동
2446,카페 호탐,카페|디저트,부산광역시 금정구 부곡동
2447,스트릿 SPC스퀘어점,아시아음식,서울특별시 강남구 역삼동
2448,허수아비돈까스전문점,돈가스,서울특별시 서초구 서초동
2449,해피해피케이크,케이크전문,서울특별시 강남구 논현동
2450,303일상,초밥|롤,부산광역시 동래구 온천동
2451,티제이버거,햄버거,대구광역시 수성구 만촌동
2452,러브얼스,퓨전음식,부산광역시 수영구 광안동
2453,제주맥주,관람|체험,제주특별자치도 제주시 한림읍
2454,국수집,국수,경기도 수원시 장안구
2455,청연,초밥|롤,경기도 안산시 단원구
2456,소디스커피,카페|디저트,경상북도 경주시 황남동
2457,소소하게,카페|디저트,서울특별시 성동구 성수동1가
2458,하루 하루,음식점,경기도 의왕시 오전동
2459,블랑코분식,떡볶이,부산광역시 부산진구 전포동
2460,칸코스시,초밥|롤,서울특별시 동작구 사당동
2461,라브리,카페|디저트,서울특별시 서초구 서초동
2462,추냔이네,카페,전라북도 남원시 죽항동
2463,중앙횟집,생선회,전라남도 목포시 만호동
2464,벱,베트남음식,서울특별시 성동구 성수동2가
2465,예티2,인도음식,서울특별시 서대문구 창천동
2466,선식당,퓨전음식,서울특별시 강서구 화곡동
2467,YOUTH coffee,카페,서울특별시 영등포구 당산동3가
2468,카페멜라,카페|디저트,서울특별시 동대문구 장안동
2469,팔팔회센타,생선회,강원도 속초시 대포동
2470,스윗밸런스 교대역점,다이어트|샐러드,서울특별시 서초구 서초동
2471,빠레뜨한남 강남CGV점,양식,서울특별시 강남구 역삼동
2472,버터크림,카페|디저트,전라남도 목포시 상동
2473,김형제고기의철학 여수학동점,육류|고기요리,전라남도 여수시 학동
2474,피자플랜 부평직영점,피자,인천광역시 부평구 삼산동
2475,모아냉면,냉면,경기도 파주시 문산읍
2476,꽃담팥집,카페|디저트,제주특별자치도 서귀포시 성산읍
2477,설눈,냉면,서울특별시 서초구 서초동
2478,고가커피,카페|디저트,인천광역시 연수구 연수동
2479,씨이너볼,양식,경상남도 남해군 삼동면
2480,삿갓봉초밥,초밥|롤,서울특별시 노원구 중계동
2481,위로,카페,서울특별시 종로구 통의동
2482,이큐티,카페|디저트,제주특별자치도 제주시 아라일동
2483,이슈모리,초밥|롤,부산광역시 부산진구 부전동
2484,동백양과점,카페|디저트,서울특별시 종로구 익선동
2485,테스팅노트,양식,광주광역시 서구 화정동
2486,가든오브우아당,카페|디저트,제주특별자치도 서귀포시 법환동
2487,오블라디,카페|디저트,경기도 의정부시 의정부동
2488,쫑포 피자수퍼,피자,전라남도 여수시 중앙동
2489,초이라멘,일본식라면,서울특별시 종로구 종로6가
2490,하다코참치,생선회,경기도 용인시 수지구
2491,디쉬업,스파게티|파스타전문,대구광역시 중구 봉산동
2492,찐꼬치,오뎅|꼬치,인천광역시 부평구 부평동
2493,모모정,돈가스,광주광역시 서구 치평동
2494,Pizzeria la regina,피자,대구광역시 북구 침산동
2495,이야호,한식,광주광역시 동구 지산동
2496,해삼궁,한식,제주특별자치도 제주시 애월읍
2497,가을숲다람쥐,칼국수|만두,경기도 남양주시 화도읍
2498,여수아리,한식,전라남도 여수시 봉산동
2499,위,요리주점,대구광역시 중구 삼덕동1가
2500,MSDST,카페|디저트,충청남도 공주시 신관동
2501,콩밭가인,두부요리,충청남도 계룡시 금암동
2502,붐베이직 카페,카페|디저트,서울특별시 용산구 원효로4가
2503,더제루,카페,경기도 성남시 수정구
2504,소적두 원주혁신도시점,카페|디저트,강원도 원주시 반곡동
2505,수민이네,조개요리,부산광역시 해운대구 중동
2506,강셰프의키친,한식,제주특별자치도 서귀포시 대정읍
2507,반짠,태국음식,부산광역시 부산진구 부전동
2508,이이로 커피,카페|디저트,경상북도 경주시 황남동
2509,고동집,카페|디저트,경상남도 김해시 봉황동
2510,송이네,한식,전라남도 순천시 해룡면
2511,돌문어상회,해물|생선요리,전라남도 여수시 종화동
2512,HEMLAGAT,양식,서울특별시 중구 회현동1가
2513,진천막국수,막국수,충청북도 진천군 이월면
2514,레이크뷰,베이커리,대전광역시 동구 신촌동
2515,라비앙로즈,카페|디저트,강원도 춘천시 운교동
2516,차차돈까스,일식당,울산광역시 북구 진장동
2517,별미감자탕뼈해장국 주안점,감자탕,인천광역시 미추홀구 주안동
2518,쉐이크쉑 서면점,햄버거,부산광역시 부산진구 부전동
2519,북경 양꼬치,양꼬치,서울특별시 서대문구 북가좌동
2520,저스트텐동 익선점,일식당,서울특별시 종로구 익선동
2521,조점례남문피순대,순대|순댓국,전라북도 전주시 완산구
2522,보리문디,한식,부산광역시 해운대구 중동
2523,옹기에한가득,한식,경상북도 문경시 호계면
2524,울트라마린,카페,제주특별자치도 제주시 한경면
2525,송원물회횟집,한식,부산광역시 해운대구 송정동
2526,탐나종합어시장 망우사거리점,생선회,서울특별시 중랑구 망우동
2527,크앙분식 신제주점,종합분식,제주특별자치도 제주시 노형동
2528,고가밀면,국수,경상남도 창원시 의창구
2529,이베르노,카페|디저트,부산광역시 부산진구 전포동
2530,세유카츠,돈가스,경기도 시흥시 정왕동
2531,낮달커피,카페,충청북도 청주시 흥덕구
2532,경양카츠 성안점,돈가스,충청북도 청주시 상당구
2533,브라질,카페|디저트,강원도 강릉시 연곡면
2534,풀풀,다이어트|샐러드,부산광역시 부산진구 전포동
2535,돌담집,아귀찜|해물찜,경기도 용인시 처인구
2536,뇨끼바,이탈리아음식,서울특별시 용산구 한남동
2537,바다사랑,생선회,전라남도 여수시 봉산동
2538,하나이미,일식당,부산광역시 금정구 장전동
2539,복수산해물탕,해물|생선요리,강원도 속초시 조양동
2540,봄날의춘천,닭갈비,제주특별자치도 제주시 노형동
2541,피크니크 롯데몰수지점,카페,경기도 용인시 수지구
2542,바른초밥,초밥|롤,대구광역시 동구 방촌동
2543,카페삼양리,카페|디저트,충청북도 옥천군 옥천읍
2544,Ruedecafe,카페|디저트,경기도 안산시 단원구
2545,종로족발정발산점,족발|보쌈,경기도 고양시 일산동구
2546,1967삼대서울곱창,곱창|막창|양,서울특별시 강남구 역삼동
2547,롱브릭스,카페,경기도 이천시 신둔면
2548,트라토리아 진,스파게티|파스타전문,서울특별시 도봉구 창동
2549,윤옥,일본식라면,제주특별자치도 제주시 이도이동
2550,에덴그린농원,해물|생선요리,경기도 고양시 덕양구
2551,티볼리 지중해점,이탈리아음식,충청남도 아산시 탕정면
2552,수산항물회,조개요리,강원도 양양군 손양면
2553,마리오파스타,스파게티|파스타전문,서울특별시 마포구 망원동
2554,허니문하우스,카페|디저트,제주특별자치도 서귀포시 토평동
2555,낙성곱창,곱창|막창|양,서울특별시 동작구 사당동
2556,도산시장,생선회,서울특별시 강남구 논현동
2557,수제비집,한식,강원도 고성군 토성면
2558,마라예찬 화정본점 공구리술집,중식당,경기도 고양시 덕양구
2559,파도횟집,생선회,강원도 삼척시 원덕읍
2560,차이나당,중식당,경기도 수원시 팔달구
2561,어제보다오늘,카페|디저트,제주특별자치도 제주시 이호일동
2562,감나무집감자옹심이,한식,강원도 속초시 중앙동
2563,우암산호랭이,양식,충청북도 청주시 상당구
2564,도톰카츠,돈가스,인천광역시 서구 청라동
2565,슈샤마켓,카페,경기도 광주시 오포읍
2566,바다연아구찜,한식,세종특별자치시 아름동 1330
